Workbook

Sheet Summary
A1: Kwazy — Rove Watch data
A2: Exported from backup 2026-08-13 · USD rate 95 · markup uses GST 2.0 slabs, ITC only when purchase AND sale are above 7,500/night
A4: City | B4: Properties | C4: Priced rows | D4: Median markup | E4: Mean markup | F4: Median agent | G4: Below cost
A5: Goa | B5: 41 | C5: =COUNT(Goa!Q:Q) -> 130 | D5: =IFERROR(MEDIAN(Goa!Q:Q),"") -> 0.13656716 | E5: =IFERROR(AVERAGE(Goa!Q:Q),"") -> 0.19442971 | F5: =IFERROR(MEDIAN(Goa!R:R),"") -> 0.12082962 | G5: =COUNTIF(Goa!Q:Q,"<0") -> 5
A6: Lonavala/Mahabaleshwar | B6: 36 | C6: =COUNT('Lonavala-Mahabaleshwar'!Q:Q) -> 92 | D6: =IFERROR(MEDIAN('Lonavala-Mahabaleshwar'!Q:Q),"") -> 0.063281107 | E6: =IFERROR(AVERAGE('Lonavala-Mahabaleshwar'!Q:Q),"") -> 0.057666941 | F6: =IFERROR(MEDIAN('Lonavala-Mahabaleshwar'!R:R),"") -> 0.053628057 | G6: =COUNTIF('Lonavala-Mahabaleshwar'!Q:Q,"<0") -> 24
A7: Mussorie | B7: 27 | C7: =COUNT(Mussorie!Q:Q) -> 88 | D7: =IFERROR(MEDIAN(Mussorie!Q:Q),"") -> 0.14531947 | E7: =IFERROR(AVERAGE(Mussorie!Q:Q),"") -> 0.16514721 | F7: =IFERROR(MEDIAN(Mussorie!R:R),"") -> 0.12624739 | G7: =COUNTIF(Mussorie!Q:Q,"<0") -> 4
A8: ho chi minh | B8: 21 | C8: =COUNT('ho chi minh'!Q:Q) -> 81 | D8: =IFERROR(MEDIAN('ho chi minh'!Q:Q),"") -> 0.11752123 | E8: =IFERROR(AVERAGE('ho chi minh'!Q:Q),"") -> 0.16735606 | F8: =IFERROR(MEDIAN('ho chi minh'!R:R),"") -> 0.099594264 | G8: =COUNTIF('ho chi minh'!Q:Q,"<0") -> 7
A9: Hanoi | B9: 17 | C9: =COUNT(Hanoi!Q:Q) -> 46 | D9: =IFERROR(MEDIAN(Hanoi!Q:Q),"") -> 0.079743685 | E9: =IFERROR(AVERAGE(Hanoi!Q:Q),"") -> 0.10114071 | F9: =IFERROR(MEDIAN(Hanoi!R:R),"") -> 0.067579394 | G9: =COUNTIF(Hanoi!Q:Q,"<0") -> 4
A10: Shimla | B10: 17 | C10: =COUNT(Shimla!Q:Q) -> 59 | D10: =IFERROR(MEDIAN(Shimla!Q:Q),"") -> 0.11057642 | E10: =IFERROR(AVERAGE(Shimla!Q:Q),"") -> 0.13125692 | F10: =IFERROR(MEDIAN(Shimla!R:R),"") -> 0.093708827 | G10: =COUNTIF(Shimla!Q:Q,"<0") -> 12
A11: Jaipur/Udaipur | B11: 16 | C11: =COUNT('Jaipur-Udaipur'!Q:Q) -> 49 | D11: =IFERROR(MEDIAN('Jaipur-Udaipur'!Q:Q),"") -> 0.10157833 | E11: =IFERROR(AVERAGE('Jaipur-Udaipur'!Q:Q),"") -> 0.12064502 | F11: =IFERROR(MEDIAN('Jaipur-Udaipur'!R:R),"") -> 0.089218137 | G11: =COUNTIF('Jaipur-Udaipur'!Q:Q,"<0") -> 0
A12: Manali/Mussoorie | B12: 12 | C12: =COUNT('Manali-Mussoorie'!Q:Q) -> 44 | D12: =IFERROR(MEDIAN('Manali-Mussoorie'!Q:Q),"") -> 0.073537637 | E12: =IFERROR(AVERAGE('Manali-Mussoorie'!Q:Q),"") -> 0.09638221 | F12: =IFERROR(MEDIAN('Manali-Mussoorie'!R:R),"") -> 0.062320032 | G12: =COUNTIF('Manali-Mussoorie'!Q:Q,"<0") -> 3
A13: Dubai | B13: 11 | C13: =COUNT(Dubai!Q:Q) -> 33 | D13: =IFERROR(MEDIAN(Dubai!Q:Q),"") -> 0.15917814 | E13: =IFERROR(AVERAGE(Dubai!Q:Q),"") -> 0.20988984 | F13: =IFERROR(MEDIAN(Dubai!R:R),"") -> 0.13568606 | G13: =COUNTIF(Dubai!Q:Q,"<0") -> 2
A14: Tokyo | B14: 10 | C14: =COUNT(Tokyo!Q:Q) -> 15 | D14: =IFERROR(MEDIAN(Tokyo!Q:Q),"") -> 0.31366722 | E14: =IFERROR(AVERAGE(Tokyo!Q:Q),"") -> 0.36695074 | F14: =IFERROR(MEDIAN(Tokyo!R:R),"") -> 0.26733883 | G14: =COUNTIF(Tokyo!Q:Q,"<0") -> 0
A15: Bengaluru (metro) | B15: 1 | C15: =COUNT('Bengaluru (metro)'!Q:Q) -> 0 | D15: =IFERROR(MEDIAN('Bengaluru (metro)'!Q:Q),"") | E15: =IFERROR(AVERAGE('Bengaluru (metro)'!Q:Q),"") | F15: =IFERROR(MEDIAN('Bengaluru (metro)'!R:R),"") | G15: =COUNTIF('Bengaluru (metro)'!Q:Q,"<0") -> 0
A16: ALL CITIES | B16: =SUM(B5:B15) -> 209 | C16: =SUM(C5:C15) -> 637 | D16: =IFERROR(MEDIAN(Goa!Q:Q,'Jaipur-Udaipur'!Q:Q,'Manali-Mussoorie'!Q:Q,Hanoi!Q:Q,Tokyo!Q:Q,'ho chi minh'!Q:Q,Mussorie!Q:Q,Dubai!Q:Q,'Bengaluru (metro)'!Q:Q,Shimla!Q:Q,'Lonavala-Mahabaleshwar'!Q:Q),"") -> 0.1184071 | E16: =IFERROR(AVERAGE(Goa!Q:Q,'Jaipur-Udaipur'!Q:Q,'Manali-Mussoorie'!Q:Q,Hanoi!Q:Q,Tokyo!Q:Q,'ho chi minh'!Q:Q,Mussorie!Q:Q,Dubai!Q:Q,'Bengaluru (metro)'!Q:Q,Shimla!Q:Q,'Lonavala-Mahabaleshwar'!Q:Q),"") -> 0.14701679 | G16: =SUM(G5:G15) -> 61

Sheet Goa
A1: City | B1: Property | C1: Season slot | D1: Check-in | E1: Check-out | F1: Nights | G1: TBO (stay) | H1: MMT (stay) | I1: Goibibo (stay) | J1: Booking (stay) | K1: Agoda (stay) | L1: Rove ($) | M1: Return % | N1: TBO / night | O1: Cheapest OTA / night | P1: Rove / night (INR) | Q1: Markup % | R1: Agent % | S1: Rove mk % | T1: Flag
A2: Goa | B2: Beleza By The Beach | C2: ~7d · mid-Jul | D2: 2026-08-13 | E2: 2026-08-16 | F2: =IF(OR(D2="",E2=""),1,MAX(1,DATEVALUE(E2)-DATEVALUE(D2))) -> 3 | G2: 19505 | H2: 24934 | L2: 372.02 | M2: 0.28 | N2: =IF(G2="","",G2/F2) -> 6501.6667 | O2: =IF(COUNT(H2:K2)=0,"",MIN(H2:K2)/F2) -> 8311.3333 | P2: =IF(L2="","",L2*95/F2) -> 11780.633 | Q2: =IF(OR(N2="",O2=""),"",(IF(AND(N2>7500,O2>7500),O2/(1+IF(O2<=1000,0,IF(O2<=7500,0.05,0.18)))-IF(AND(N2>7500,O2>7500),N2/1.18,N2),(O2-IF(AND(N2>7500,O2>7500),N2/1.18,N2))/(1+IF(O2<=1000,0,IF(O2<=7500,0.05,0.18)))))/(IF(AND(N2>7500,O2>7500),N2/1.18,N2))) -> 0.23588041 | R2: =IF(OR(N2="",O2=""),"",((O2-N2)/1.18)/N2) -> 0.23588041 | S2: =IF(OR(P2="",O2=""),"",(P2-O2)/O2) -> 0.41741798 | T2: =IF(AND(D2="",G2<>""),"no dates - assumed 1 night",IF(Q2="","",IF(Q2>1.5,"check: markup >150%",IF(Q2<0,"below cost",""))))
A3: Goa | B3: Beleza By The Beach | C3: ~30d · mid-Aug | D3: 2026-08-28 | E3: 2026-08-31 | F3: =IF(OR(D3="",E3=""),1,MAX(1,DATEVALUE(E3)-DATEVALUE(D3))) -> 3 | G3: 29009 | H3: 30319 | L3: 317.82 | M3: 0.12 | N3: =IF(G3="","",G3/F3) -> 9669.6667 | O3: =IF(COUNT(H3:K3)=0,"",MIN(H3:K3)/F3) -> 10106.333 | P3: =IF(L3="","",L3*95/F3) -> 10064.3 | Q3: =IF(OR(N3="",O3=""),"",(IF(AND(N3>7500,O3>7500),O3/(1+IF(O3<=1000,0,IF(O3<=7500,0.05,0.18)))-IF(AND(N3>7500,O3>7500),N3/1.18,N3),(O3-IF(AND(N3>7500,O3>7500),N3/1.18,N3))/(1+IF(O3<=1000,0,IF(O3<=7500,0.05,0.18)))))/(IF(AND(N3>7500,O3>7500),N3/1.18,N3))) -> 0.045158399 | R3: =IF(OR(N3="",O3=""),"",((O3-N3)/1.18)/N3) -> 0.03826983 | S3: =IF(OR(P3="",O3=""),"",(P3-O3)/O3) -> -0.0041591082 | T3: =IF(AND(D3="",G3<>""),"no dates - assumed 1 night",IF(Q3="","",IF(Q3>1.5,"check: markup >150%",IF(Q3<0,"below cost",""))))
A4: Goa | B4: Beleza By The Beach | C4: mid-Oct · Diwali | D4: 2026-11-12 | E4: 2026-11-15 | F4: =IF(OR(D4="",E4=""),1,MAX(1,DATEVALUE(E4)-DATEVALUE(D4))) -> 3 | G4: 68689 | H4: 71904 | L4: 753.75 | M4: 0.12 | N4: =IF(G4="","",G4/F4) -> 22896.333 | O4: =IF(COUNT(H4:K4)=0,"",MIN(H4:K4)/F4) -> 23968 | P4: =IF(L4="","",L4*95/F4) -> 23868.75 | Q4: =IF(OR(N4="",O4=""),"",(IF(AND(N4>7500,O4>7500),O4/(1+IF(O4<=1000,0,IF(O4<=7500,0.05,0.18)))-IF(AND(N4>7500,O4>7500),N4/1.18,N4),(O4-IF(AND(N4>7500,O4>7500),N4/1.18,N4))/(1+IF(O4<=1000,0,IF(O4<=7500,0.05,0.18)))))/(IF(AND(N4>7500,O4>7500),N4/1.18,N4))) -> 0.046805165 | R4: =IF(OR(N4="",O4=""),"",((O4-N4)/1.18)/N4) -> 0.039665394 | S4: =IF(OR(P4="",O4=""),"",(P4-O4)/O4) -> -0.0041409379 | T4: =IF(AND(D4="",G4<>""),"no dates - assumed 1 night",IF(Q4="","",IF(Q4>1.5,"check: markup >150%",IF(Q4<0,"below cost",""))))
A5: Goa | B5: Beleza By The Beach | C5: 27–30 Dec | D5: 2026-12-29 | E5: 2027-01-01 | F5: =IF(OR(D5="",E5=""),1,MAX(1,DATEVALUE(E5)-DATEVALUE(D5))) -> 3 | G5: 56367 | H5: 98454 | L5: 1032.09 | M5: 0.12 | N5: =IF(G5="","",G5/F5) -> 18789 | O5: =IF(COUNT(H5:K5)=0,"",MIN(H5:K5)/F5) -> 32818 | P5: =IF(L5="","",L5*95/F5) -> 32682.85 | Q5: =IF(OR(N5="",O5=""),"",(IF(AND(N5>7500,O5>7500),O5/(1+IF(O5<=1000,0,IF(O5<=7500,0.05,0.18)))-IF(AND(N5>7500,O5>7500),N5/1.18,N5),(O5-IF(AND(N5>7500,O5>7500),N5/1.18,N5))/(1+IF(O5<=1000,0,IF(O5<=7500,0.05,0.18)))))/(IF(AND(N5>7500,O5>7500),N5/1.18,N5))) -> 0.74666028 | R5: =IF(OR(N5="",O5=""),"",((O5-N5)/1.18)/N5) -> 0.63276295 | S5: =IF(OR(P5="",O5=""),"",(P5-O5)/O5) -> -0.0041181669 | T5: =IF(AND(D5="",G5<>""),"no dates - assumed 1 night",IF(Q5="","",IF(Q5>1.5,"check: markup >150%",IF(Q5<0,"below cost",""))))
A6: Goa | B6: Fairfield by Marriott Goa Benaulim | C6: ~7d · mid-Jul | D6: 2026-08-13 | E6: 2026-08-16 | F6: =IF(OR(D6="",E6=""),1,MAX(1,DATEVALUE(E6)-DATEVALUE(D6))) -> 3 | G6: 21319 | H6: 22460 | L6: 235.43 | M6: 0.12 | N6: =IF(G6="","",G6/F6) -> 7106.3333 | O6: =IF(COUNT(H6:K6)=0,"",MIN(H6:K6)/F6) -> 7486.6667 | P6: =IF(L6="","",L6*95/F6) -> 7455.2833 | Q6: =IF(OR(N6="",O6=""),"",(IF(AND(N6>7500,O6>7500),O6/(1+IF(O6<=1000,0,IF(O6<=7500,0.05,0.18)))-IF(AND(N6>7500,O6>7500),N6/1.18,N6),(O6-IF(AND(N6>7500,O6>7500),N6/1.18,N6))/(1+IF(O6<=1000,0,IF(O6<=7500,0.05,0.18)))))/(IF(AND(N6>7500,O6>7500),N6/1.18,N6))) -> 0.050971747 | R6: =IF(OR(N6="",O6=""),"",((O6-N6)/1.18)/N6) -> 0.045356215 | S6: =IF(OR(P6="",O6=""),"",(P6-O6)/O6) -> -0.0041918967 | T6: =IF(AND(D6="",G6<>""),"no dates - assumed 1 night",IF(Q6="","",IF(Q6>1.5,"check: markup >150%",IF(Q6<0,"below cost",""))))
A7: Goa | B7: Fairfield by Marriott Goa Benaulim | C7: ~30d · mid-Aug | D7: 2026-08-28 | E7: 2026-08-31 | F7: =IF(OR(D7="",E7=""),1,MAX(1,DATEVALUE(E7)-DATEVALUE(D7))) -> 3 | G7: 20505 | H7: 22460 | L7: 217 | M7: 0.12 | N7: =IF(G7="","",G7/F7) -> 6835 | O7: =IF(COUNT(H7:K7)=0,"",MIN(H7:K7)/F7) -> 7486.6667 | P7: =IF(L7="","",L7*95/F7) -> 6871.6667 | Q7: =IF(OR(N7="",O7=""),"",(IF(AND(N7>7500,O7>7500),O7/(1+IF(O7<=1000,0,IF(O7<=7500,0.05,0.18)))-IF(AND(N7>7500,O7>7500),N7/1.18,N7),(O7-IF(AND(N7>7500,O7>7500),N7/1.18,N7))/(1+IF(O7<=1000,0,IF(O7<=7500,0.05,0.18)))))/(IF(AND(N7>7500,O7>7500),N7/1.18,N7))) -> 0.090802476 | R7: =IF(OR(N7="",O7=""),"",((O7-N7)/1.18)/N7) -> 0.080798813 | S7: =IF(OR(P7="",O7=""),"",(P7-O7)/O7) -> -0.082146037 | T7: =IF(AND(D7="",G7<>""),"no dates - assumed 1 night",IF(Q7="","",IF(Q7>1.5,"check: markup >150%",IF(Q7<0,"below cost",""))))
A8: Goa | B8: Fairfield by Marriott Goa Benaulim | C8: mid-Oct · Diwali | D8: 2026-11-12 | E8: 2026-11-15 | F8: =IF(OR(D8="",E8=""),1,MAX(1,DATEVALUE(E8)-DATEVALUE(D8))) -> 3 | G8: 42828 | H8: 44055 | L8: 461.83 | M8: 0.12 | N8: =IF(G8="","",G8/F8) -> 14276 | O8: =IF(COUNT(H8:K8)=0,"",MIN(H8:K8)/F8) -> 14685 | P8: =IF(L8="","",L8*95/F8) -> 14624.617 | Q8: =IF(OR(N8="",O8=""),"",(IF(AND(N8>7500,O8>7500),O8/(1+IF(O8<=1000,0,IF(O8<=7500,0.05,0.18)))-IF(AND(N8>7500,O8>7500),N8/1.18,N8),(O8-IF(AND(N8>7500,O8>7500),N8/1.18,N8))/(1+IF(O8<=1000,0,IF(O8<=7500,0.05,0.18)))))/(IF(AND(N8>7500,O8>7500),N8/1.18,N8))) -> 0.028649482 | R8: =IF(OR(N8="",O8=""),"",((O8-N8)/1.18)/N8) -> 0.024279222 | S8: =IF(OR(P8="",O8=""),"",(P8-O8)/O8) -> -0.0041119056 | T8: =IF(AND(D8="",G8<>""),"no dates - assumed 1 night",IF(Q8="","",IF(Q8>1.5,"check: markup >150%",IF(Q8<0,"below cost",""))))
A9: Goa | B9: Fairfield by Marriott Goa Benaulim | C9: 27–30 Dec | D9: 2026-12-29 | E9: 2027-01-01 | F9: =IF(OR(D9="",E9=""),1,MAX(1,DATEVALUE(E9)-DATEVALUE(D9))) -> 3 | G9: 56107 | H9: 58410 | L9: 612.31 | M9: 0.12 | N9: =IF(G9="","",G9/F9) -> 18702.333 | O9: =IF(COUNT(H9:K9)=0,"",MIN(H9:K9)/F9) -> 19470 | P9: =IF(L9="","",L9*95/F9) -> 19389.817 | Q9: =IF(OR(N9="",O9=""),"",(IF(AND(N9>7500,O9>7500),O9/(1+IF(O9<=1000,0,IF(O9<=7500,0.05,0.18)))-IF(AND(N9>7500,O9>7500),N9/1.18,N9),(O9-IF(AND(N9>7500,O9>7500),N9/1.18,N9))/(1+IF(O9<=1000,0,IF(O9<=7500,0.05,0.18)))))/(IF(AND(N9>7500,O9>7500),N9/1.18,N9))) -> 0.041046572 | R9: =IF(OR(N9="",O9=""),"",((O9-N9)/1.18)/N9) -> 0.03478523 | S9: =IF(OR(P9="",O9=""),"",(P9-O9)/O9) -> -0.0041183017 | T9: =IF(AND(D9="",G9<>""),"no dates - assumed 1 night",IF(Q9="","",IF(Q9>1.5,"check: markup >150%",IF(Q9<0,"below cost",""))))
A10: Goa | B10: Fairfield by Marriott Goa Benaulim | C10: mid-Feb | D10: 2027-02-11 | E10: 2027-02-14 | F10: =IF(OR(D10="",E10=""),1,MAX(1,DATEVALUE(E10)-DATEVALUE(D10))) -> 3 | G10: 61890 | H10: 66700 | L10: 678.68 | M10: 0.06 | N10: =IF(G10="","",G10/F10) -> 20630 | O10: =IF(COUNT(H10:K10)=0,"",MIN(H10:K10)/F10) -> 22233.333 | P10: =IF(L10="","",L10*95/F10) -> 21491.533 | Q10: =IF(OR(N10="",O10=""),"",(IF(AND(N10>7500,O10>7500),O10/(1+IF(O10<=1000,0,IF(O10<=7500,0.05,0.18)))-IF(AND(N10>7500,O10>7500),N10/1.18,N10),(O10-IF(AND(N10>7500,O10>7500),N10/1.18,N10))/(1+IF(O10<=1000,0,IF(O10<=7500,0.05,0.18)))))/(IF(AND(N10>7500,O10>7500),N10/1.18,N10))) -> 0.077718533 | R10: =IF(OR(N10="",O10=""),"",((O10-N10)/1.18)/N10) -> 0.065863163 | S10: =IF(OR(P10="",O10=""),"",(P10-O10)/O10) -> -0.033364318 | T10: =IF(AND(D10="",G10<>""),"no dates - assumed 1 night",IF(Q10="","",IF(Q10>1.5,"check: markup >150%",IF(Q10<0,"below cost",""))))
A11: Goa | B11: Jasminn Hotel, Goa | C11: ~7d · mid-Jul | D11: 2026-08-13 | E11: 2026-08-16 | F11: =IF(OR(D11="",E11=""),1,MAX(1,DATEVALUE(E11)-DATEVALUE(D11))) -> 3 | G11: 10697 | H11: 12855 | L11: 150.28 | M11: 0.12 | N11: =IF(G11="","",G11/F11) -> 3565.6667 | O11: =IF(COUNT(H11:K11)=0,"",MIN(H11:K11)/F11) -> 4285 | P11: =IF(L11="","",L11*95/F11) -> 4758.8667 | Q11: =IF(OR(N11="",O11=""),"",(IF(AND(N11>7500,O11>7500),O11/(1+IF(O11<=1000,0,IF(O11<=7500,0.05,0.18)))-IF(AND(N11>7500,O11>7500),N11/1.18,N11),(O11-IF(AND(N11>7500,O11>7500),N11/1.18,N11))/(1+IF(O11<=1000,0,IF(O11<=7500,0.05,0.18)))))/(IF(AND(N11>7500,O11>7500),N11/1.18,N11))) -> 0.1921322 | R11: =IF(OR(N11="",O11=""),"",((O11-N11)/1.18)/N11) -> 0.17096509 | S11: =IF(OR(P11="",O11=""),"",(P11-O11)/O11) -> 0.11058732 | T11: =IF(AND(D11="",G11<>""),"no dates - assumed 1 night",IF(Q11="","",IF(Q11>1.5,"check: markup >150%",IF(Q11<0,"below cost",""))))
A12: Goa | B12: Jasminn Hotel, Goa | C12: ~30d · mid-Aug | D12: 2026-08-28 | E12: 2026-08-31 | F12: =IF(OR(D12="",E12=""),1,MAX(1,DATEVALUE(E12)-DATEVALUE(D12))) -> 3 | G12: 9607 | H12: 11656 | L12: 137.22 | M12: 0.12 | N12: =IF(G12="","",G12/F12) -> 3202.3333 | O12: =IF(COUNT(H12:K12)=0,"",MIN(H12:K12)/F12) -> 3885.3333 | P12: =IF(L12="","",L12*95/F12) -> 4345.3 | Q12: =IF(OR(N12="",O12=""),"",(IF(AND(N12>7500,O12>7500),O12/(1+IF(O12<=1000,0,IF(O12<=7500,0.05,0.18)))-IF(AND(N12>7500,O12>7500),N12/1.18,N12),(O12-IF(AND(N12>7500,O12>7500),N12/1.18,N12))/(1+IF(O12<=1000,0,IF(O12<=7500,0.05,0.18)))))/(IF(AND(N12>7500,O12>7500),N12/1.18,N12))) -> 0.2031257 | R12: =IF(OR(N12="",O12=""),"",((O12-N12)/1.18)/N12) -> 0.18074744 | S12: =IF(OR(P12="",O12=""),"",(P12-O12)/O12) -> 0.11838538 | T12: =IF(AND(D12="",G12<>""),"no dates - assumed 1 night",IF(Q12="","",IF(Q12>1.5,"check: markup >150%",IF(Q12<0,"below cost",""))))
A13: Goa | B13: Jasminn Hotel, Goa | C13: mid-Oct · Diwali | D13: 2026-11-12 | E13: 2026-11-15 | F13: =IF(OR(D13="",E13=""),1,MAX(1,DATEVALUE(E13)-DATEVALUE(D13))) -> 3 | G13: 20315 | H13: 26617 | L13: 282 | M13: 0.12 | N13: =IF(G13="","",G13/F13) -> 6771.6667 | O13: =IF(COUNT(H13:K13)=0,"",MIN(H13:K13)/F13) -> 8872.3333 | P13: =IF(L13="","",L13*95/F13) -> 8930 | Q13: =IF(OR(N13="",O13=""),"",(IF(AND(N13>7500,O13>7500),O13/(1+IF(O13<=1000,0,IF(O13<=7500,0.05,0.18)))-IF(AND(N13>7500,O13>7500),N13/1.18,N13),(O13-IF(AND(N13>7500,O13>7500),N13/1.18,N13))/(1+IF(O13<=1000,0,IF(O13<=7500,0.05,0.18)))))/(IF(AND(N13>7500,O13>7500),N13/1.18,N13))) -> 0.26289333 | R13: =IF(OR(N13="",O13=""),"",((O13-N13)/1.18)/N13) -> 0.26289333 | S13: =IF(OR(P13="",O13=""),"",(P13-O13)/O13) -> 0.0064996055 | T13: =IF(AND(D13="",G13<>""),"no dates - assumed 1 night",IF(Q13="","",IF(Q13>1.5,"check: markup >150%",IF(Q13<0,"below cost",""))))
... A20: Goa | B20: Novotel Goa Dona Sylvia Resort | C20: mid-Feb | D20: 2027-02-11 | E20: 2027-02-14 | F20: =IF(OR(D20="",E20=""),1,MAX(1,DATEVALUE(E20)-DATEVALUE(D20))) -> 3 | G20: 160516 | H20: 205916 | L20: 1839.24 | M20: 0.12 | N20: =IF(G20="","",G20/F20) -> 53505.333 | O20: =IF(COUNT(H20:K20)=0,"",MIN(H20:K20)/F20) -> 68638.667 | P20: =IF(L20="","",L20*95/F20) -> 58242.6 | Q20: =IF(OR(N20="",O20=""),"",(IF(AND(N20>7500,O20>7500),O20/(1+IF(O20<=1000,0,IF(O20<=7500,0.05,0.18)))-IF(AND(N20>7500,O20>7500),N20/1.18,N20),(O20-IF(AND(N20>7500,O20>7500),N20/1.18,N20))/(1+IF(O20<=1000,0,IF(O20<=7500,0.05,0.18)))))/(IF(AND(N20>7500,O20>7500),N20/1.18,N20))) -> 0.28283785 | R20: =IF(OR(N20="",O20=""),"",((O20-N20)/1.18)/N20) -> 0.23969309 | S20: =IF(OR(P20="",O20=""),"",(P20-O20)/O20) -> -0.15146079 | T20: =IF(AND(D20="",G20<>""),"no dates - assumed 1 night",IF(Q20="","",IF(Q20>1.5,"check: markup >150%",IF(Q20<0,"below cost",""))))
A21: Goa | B21: Taj Fort Aguada Resort & Spa, Goa | C21: ~7d · mid-Jul | D21: 2026-08-13 | E21: 2026-08-16 | F21: =IF(OR(D21="",E21=""),1,MAX(1,DATEVALUE(E21)-DATEVALUE(D21))) -> 3 | G21: 66638 | H21: 84553 | N21: =IF(G21="","",G21/F21) -> 22212.667 | O21: =IF(COUNT(H21:K21)=0,"",MIN(H21:K21)/F21) -> 28184.333 | P21: =IF(L21="","",L21*95/F21) | Q21: =IF(OR(N21="",O21=""),"",(IF(AND(N21>7500,O21>7500),O21/(1+IF(O21<=1000,0,IF(O21<=7500,0.05,0.18)))-IF(AND(N21>7500,O21>7500),N21/1.18,N21),(O21-IF(AND(N21>7500,O21>7500),N21/1.18,N21))/(1+IF(O21<=1000,0,IF(O21<=7500,0.05,0.18)))))/(IF(AND(N21>7500,O21>7500),N21/1.18,N21))) -> 0.2688406 | R21: =IF(OR(N21="",O21=""),"",((O21-N21)/1.18)/N21) -> 0.22783102 | S21: =IF(OR(P21="",O21=""),"",(P21-O21)/O21) | T21: =IF(AND(D21="",G21<>""),"no dates - assumed 1 night",IF(Q21="","",IF(Q21>1.5,"check: markup >150%",IF(Q21<0,"below cost",""))))
A22: Goa | B22: Taj Fort Aguada Resort & Spa, Goa | C22: ~30d · mid-Aug | D22: 2026-08-28 | E22: 2026-08-31 | F22: =IF(OR(D22="",E22=""),1,MAX(1,DATEVALUE(E22)-DATEVALUE(D22))) -> 3 | G22: 54451 | H22: 68440 | N22: =IF(G22="","",G22/F22) -> 18150.333 | O22: =IF(COUNT(H22:K22)=0,"",MIN(H22:K22)/F22) -> 22813.333 | P22: =IF(L22="","",L22*95/F22) | Q22: =IF(OR(N22="",O22=""),"",(IF(AND(N22>7500,O22>7500),O22/(1+IF(O22<=1000,0,IF(O22<=7500,0.05,0.18)))-IF(AND(N22>7500,O22>7500),N22/1.18,N22),(O22-IF(AND(N22>7500,O22>7500),N22/1.18,N22))/(1+IF(O22<=1000,0,IF(O22<=7500,0.05,0.18)))))/(IF(AND(N22>7500,O22>7500),N22/1.18,N22))) -> 0.25690988 | R22: =IF(OR(N22="",O22=""),"",((O22-N22)/1.18)/N22) -> 0.21772024 | S22: =IF(OR(P22="",O22=""),"",(P22-O22)/O22) | T22: =IF(AND(D22="",G22<>""),"no dates - assumed 1 night",IF(Q22="","",IF(Q22>1.5,"check: markup >150%",IF(Q22<0,"below cost",""))))
A23: Goa | B23: Taj Fort Aguada Resort & Spa, Goa | C23: mid-Oct · Diwali | D23: 2026-11-12 | E23: 2026-11-15 | F23: =IF(OR(D23="",E23=""),1,MAX(1,DATEVALUE(E23)-DATEVALUE(D23))) -> 3 | G23: 143111 | H23: 178953 | N23: =IF(G23="","",G23/F23) -> 47703.667 | O23: =IF(COUNT(H23:K23)=0,"",MIN(H23:K23)/F23) -> 59651 | P23: =IF(L23="","",L23*95/F23) | Q23: =IF(OR(N23="",O23=""),"",(IF(AND(N23>7500,O23>7500),O23/(1+IF(O23<=1000,0,IF(O23<=7500,0.05,0.18)))-IF(AND(N23>7500,O23>7500),N23/1.18,N23),(O23-IF(AND(N23>7500,O23>7500),N23/1.18,N23))/(1+IF(O23<=1000,0,IF(O23<=7500,0.05,0.18)))))/(IF(AND(N23>7500,O23>7500),N23/1.18,N23))) -> 0.25044895 | R23: =IF(OR(N23="",O23=""),"",((O23-N23)/1.18)/N23) -> 0.21224487 | S23: =IF(OR(P23="",O23=""),"",(P23-O23)/O23) | T23: =IF(AND(D23="",G23<>""),"no dates - assumed 1 night",IF(Q23="","",IF(Q23>1.5,"check: markup >150%",IF(Q23<0,"below cost",""))))
A24: Goa | B24: Taj Fort Aguada Resort & Spa, Goa | C24: 27–30 Dec | D24: 2026-12-29 | E24: 2027-01-01 | F24: =IF(OR(D24="",E24=""),1,MAX(1,DATEVALUE(E24)-DATEVALUE(D24))) -> 3 | G24: 269790 | H24: 342200 | N24: =IF(G24="","",G24/F24) -> 89930 | O24: =IF(COUNT(H24:K24)=0,"",MIN(H24:K24)/F24) -> 114066.67 | P24: =IF(L24="","",L24*95/F24) | Q24: =IF(OR(N24="",O24=""),"",(IF(AND(N24>7500,O24>7500),O24/(1+IF(O24<=1000,0,IF(O24<=7500,0.05,0.18)))-IF(AND(N24>7500,O24>7500),N24/1.18,N24),(O24-IF(AND(N24>7500,O24>7500),N24/1.18,N24))/(1+IF(O24<=1000,0,IF(O24<=7500,0.05,0.18)))))/(IF(AND(N24>7500,O24>7500),N24/1.18,N24))) -> 0.26839394 | R24: =IF(OR(N24="",O24=""),"",((O24-N24)/1.18)/N24) -> 0.22745249 | S24: =IF(OR(P24="",O24=""),"",(P24-O24)/O24) | T24: =IF(AND(D24="",G24<>""),"no dates - assumed 1 night",IF(Q24="","",IF(Q24>1.5,"check: markup >150%",IF(Q24<0,"below cost",""))))
A25: Goa | B25: Taj Fort Aguada Resort & Spa, Goa | C25: mid-Feb | D25: 2027-02-11 | E25: 2027-02-14 | F25: =IF(OR(D25="",E25=""),1,MAX(1,DATEVALUE(E25)-DATEVALUE(D25))) -> 3 | G25: 98648 | H25: 103840 | N25: =IF(G25="","",G25/F25) -> 32882.667 | O25: =IF(COUNT(H25:K25)=0,"",MIN(H25:K25)/F25) -> 34613.333 | P25: =IF(L25="","",L25*95/F25) | Q25: =IF(OR(N25="",O25=""),"",(IF(AND(N25>7500,O25>7500),O25/(1+IF(O25<=1000,0,IF(O25<=7500,0.05,0.18)))-IF(AND(N25>7500,O25>7500),N25/1.18,N25),(O25-IF(AND(N25>7500,O25>7500),N25/1.18,N25))/(1+IF(O25<=1000,0,IF(O25<=7500,0.05,0.18)))))/(IF(AND(N25>7500,O25>7500),N25/1.18,N25))) -> 0.052631579 | R25: =IF(OR(N25="",O25=""),"",((O25-N25)/1.18)/N25) -> 0.044603033 | S25: =IF(OR(P25="",O25=""),"",(P25-O25)/O25) | T25: =IF(AND(D25="",G25<>""),"no dates - assumed 1 night",IF(Q25="","",IF(Q25>1.5,"check: markup >150%",IF(Q25<0,"below cost",""))))
A26: Goa | B26: - Holiday Inn Resort | C26: ~7d · mid-Jul | D26: 2026-08-13 | E26: 2026-08-16 | F26: =IF(OR(D26="",E26=""),1,MAX(1,DATEVALUE(E26)-DATEVALUE(D26))) -> 3 | G26: 28403 | H26: 34863 | N26: =IF(G26="","",G26/F26) -> 9467.6667 | O26: =IF(COUNT(H26:K26)=0,"",MIN(H26:K26)/F26) -> 11621 | P26: =IF(L26="","",L26*95/F26) | Q26: =IF(OR(N26="",O26=""),"",(IF(AND(N26>7500,O26>7500),O26/(1+IF(O26<=1000,0,IF(O26<=7500,0.05,0.18)))-IF(AND(N26>7500,O26>7500),N26/1.18,N26),(O26-IF(AND(N26>7500,O26>7500),N26/1.18,N26))/(1+IF(O26<=1000,0,IF(O26<=7500,0.05,0.18)))))/(IF(AND(N26>7500,O26>7500),N26/1.18,N26))) -> 0.22744076 | R26: =IF(OR(N26="",O26=""),"",((O26-N26)/1.18)/N26) -> 0.19274641 | S26: =IF(OR(P26="",O26=""),"",(P26-O26)/O26) | T26: =IF(AND(D26="",G26<>""),"no dates - assumed 1 night",IF(Q26="","",IF(Q26>1.5,"check: markup >150%",IF(Q26<0,"below cost",""))))
A27: Goa | B27: - Holiday Inn Resort | C27: ~30d · mid-Aug | D27: 2026-08-28 | E27: 2026-08-31 | F27: =IF(OR(D27="",E27=""),1,MAX(1,DATEVALUE(E27)-DATEVALUE(D27))) -> 3 | G27: 29886 | H27: 36685 | N27: =IF(G27="","",G27/F27) -> 9962 | O27: =IF(COUNT(H27:K27)=0,"",MIN(H27:K27)/F27) -> 12228.333 | P27: =IF(L27="","",L27*95/F27) | Q27: =IF(OR(N27="",O27=""),"",(IF(AND(N27>7500,O27>7500),O27/(1+IF(O27<=1000,0,IF(O27<=7500,0.05,0.18)))-IF(AND(N27>7500,O27>7500),N27/1.18,N27),(O27-IF(AND(N27>7500,O27>7500),N27/1.18,N27))/(1+IF(O27<=1000,0,IF(O27<=7500,0.05,0.18)))))/(IF(AND(N27>7500,O27>7500),N27/1.18,N27))) -> 0.22749783 | R27: =IF(OR(N27="",O27=""),"",((O27-N27)/1.18)/N27) -> 0.19279477 | S27: =IF(OR(P27="",O27=""),"",(P27-O27)/O27) | T27: =IF(AND(D27="",G27<>""),"no dates - assumed 1 night",IF(Q27="","",IF(Q27>1.5,"check: markup >150%",IF(Q27<0,"below cost",""))))
A28: Goa | B28: - Holiday Inn Resort | C28: mid-Oct · Diwali | D28: 2026-11-12 | E28: 2026-11-15 | F28: =IF(OR(D28="",E28=""),1,MAX(1,DATEVALUE(E28)-DATEVALUE(D28))) -> 3 | G28: 38267 | H28: 47896 | N28: =IF(G28="","",G28/F28) -> 12755.667 | O28: =IF(COUNT(H28:K28)=0,"",MIN(H28:K28)/F28) -> 15965.333 | P28: =IF(L28="","",L28*95/F28) | Q28: =IF(OR(N28="",O28=""),"",(IF(AND(N28>7500,O28>7500),O28/(1+IF(O28<=1000,0,IF(O28<=7500,0.05,0.18)))-IF(AND(N28>7500,O28>7500),N28/1.18,N28),(O28-IF(AND(N28>7500,O28>7500),N28/1.18,N28))/(1+IF(O28<=1000,0,IF(O28<=7500,0.05,0.18)))))/(IF(AND(N28>7500,O28>7500),N28/1.18,N28))) -> 0.25162673 | R28: =IF(OR(N28="",O28=""),"",((O28-N28)/1.18)/N28) -> 0.21324299 | S28: =IF(OR(P28="",O28=""),"",(P28-O28)/O28) | T28: =IF(AND(D28="",G28<>""),"no dates - assumed 1 night",IF(Q28="","",IF(Q28>1.5,"check: markup >150%",IF(Q28<0,"below cost",""))))
A29: Goa | B29: - Holiday Inn Resort | C29: mid-Feb | D29: 2027-02-11 | E29: 2027-02-14 | F29: =IF(OR(D29="",E29=""),1,MAX(1,DATEVALUE(E29)-DATEVALUE(D29))) -> 3 | G29: 99895 | H29: 125009 | N29: =IF(G29="","",G29/F29) -> 33298.333 | O29: =IF(COUNT(H29:K29)=0,"",MIN(H29:K29)/F29) -> 41669.667 | P29: =IF(L29="","",L29*95/F29) | Q29: =IF(OR(N29="",O29=""),"",(IF(AND(N29>7500,O29>7500),O29/(1+IF(O29<=1000,0,IF(O29<=7500,0.05,0.18)))-IF(AND(N29>7500,O29>7500),N29/1.18,N29),(O29-IF(AND(N29>7500,O29>7500),N29/1.18,N29))/(1+IF(O29<=1000,0,IF(O29<=7500,0.05,0.18)))))/(IF(AND(N29>7500,O29>7500),N29/1.18,N29))) -> 0.25140397 | R29: =IF(OR(N29="",O29=""),"",((O29-N29)/1.18)/N29) -> 0.21305422 | S29: =IF(OR(P29="",O29=""),"",(P29-O29)/O29) | T29: =IF(AND(D29="",G29<>""),"no dates - assumed 1 night",IF(Q29="","",IF(Q29>1.5,"check: markup >150%",IF(Q29<0,"below cost",""))))
A30: Goa | B30: - Hyatt Centric Candolim Goa | C30: ~7d · mid-Jul | D30: 2026-08-13 | E30: 2026-08-16 | F30: =IF(OR(D30="",E30=""),1,MAX(1,DATEVALUE(E30)-DATEVALUE(D30))) -> 3 | G30: 32860 | H30: 34011 | L30: 336.99 | M30: 0.12 | N30: =IF(G30="","",G30/F30) -> 10953.333 | O30: =IF(COUNT(H30:K30)=0,"",MIN(H30:K30)/F30) -> 11337 | P30: =IF(L30="","",L30*95/F30) -> 10671.35 | Q30: =IF(OR(N30="",O30=""),"",(IF(AND(N30>7500,O30>7500),O30/(1+IF(O30<=1000,0,IF(O30<=7500,0.05,0.18)))-IF(AND(N30>7500,O30>7500),N30/1.18,N30),(O30-IF(AND(N30>7500,O30>7500),N30/1.18,N30))/(1+IF(O30<=1000,0,IF(O30<=7500,0.05,0.18)))))/(IF(AND(N30>7500,O30>7500),N30/1.18,N30))) -> 0.035027389 | R30: =IF(OR(N30="",O30=""),"",((O30-N30)/1.18)/N30) -> 0.029684228 | S30: =IF(OR(P30="",O30=""),"",(P30-O30)/O30) -> -0.058714828 | T30: =IF(AND(D30="",G30<>""),"no dates - assumed 1 night",IF(Q30="","",IF(Q30>1.5,"check: markup >150%",IF(Q30<0,"below cost",""))))
A31: Goa | B31: - Hyatt Centric Candolim Goa | C31: ~30d · mid-Aug | D31: 2026-08-28 | E31: 2026-08-31 | F31: =IF(OR(D31="",E31=""),1,MAX(1,DATEVALUE(E31)-DATEVALUE(D31))) -> 3 | G31: 23153 | H31: 27320 | L31: 238.08 | M31: 0.12 | N31: =IF(G31="","",G31/F31) -> 7717.6667 | O31: =IF(COUNT(H31:K31)=0,"",MIN(H31:K31)/F31) -> 9106.6667 | P31: =IF(L31="","",L31*95/F31) -> 7539.2 | Q31: =IF(OR(N31="",O31=""),"",(IF(AND(N31>7500,O31>7500),O31/(1+IF(O31<=1000,0,IF(O31<=7500,0.05,0.18)))-IF(AND(N31>7500,O31>7500),N31/1.18,N31),(O31-IF(AND(N31>7500,O31>7500),N31/1.18,N31))/(1+IF(O31<=1000,0,IF(O31<=7500,0.05,0.18)))))/(IF(AND(N31>7500,O31>7500),N31/1.18,N31))) -> 0.17997668 | R31: =IF(OR(N31="",O31=""),"",((O31-N31)/1.18)/N31) -> 0.15252261 | S31: =IF(OR(P31="",O31=""),"",(P31-O31)/O31) -> -0.17212299 | T31: =IF(AND(D31="",G31<>""),"no dates - assumed 1 night",IF(Q31="","",IF(Q31>1.5,"check: markup >150%",IF(Q31<0,"below cost",""))))
A32: Goa | B32: - Hyatt Centric Candolim Goa | C32: mid-Oct · Diwali | D32: 2026-11-12 | E32: 2026-11-15 | F32: =IF(OR(D32="",E32=""),1,MAX(1,DATEVALUE(E32)-DATEVALUE(D32))) -> 3 | G32: 36313 | H32: 41259 | L32: 408.78 | M32: 0.12 | N32: =IF(G32="","",G32/F32) -> 12104.333 | O32: =IF(COUNT(H32:K32)=0,"",MIN(H32:K32)/F32) -> 13753 | P32: =IF(L32="","",L32*95/F32) -> 12944.7 | Q32: =IF(OR(N32="",O32=""),"",(IF(AND(N32>7500,O32>7500),O32/(1+IF(O32<=1000,0,IF(O32<=7500,0.05,0.18)))-IF(AND(N32>7500,O32>7500),N32/1.18,N32),(O32-IF(AND(N32>7500,O32>7500),N32/1.18,N32))/(1+IF(O32<=1000,0,IF(O32<=7500,0.05,0.18)))))/(IF(AND(N32>7500,O32>7500),N32/1.18,N32))) -> 0.13620466 | R32: =IF(OR(N32="",O32=""),"",((O32-N32)/1.18)/N32) -> 0.11542768 | S32: =IF(OR(P32="",O32=""),"",(P32-O32)/O32) -> -0.058772631 | T32: =IF(AND(D32="",G32<>""),"no dates - assumed 1 night",IF(Q32="","",IF(Q32>1.5,"check: markup >150%",IF(Q32<0,"below cost",""))))
A33: Goa | B33: - Hyatt Centric Candolim Goa | C33: 27–30 Dec | D33: 2026-12-29 | E33: 2027-01-01 | F33: =IF(OR(D33="",E33=""),1,MAX(1,DATEVALUE(E33)-DATEVALUE(D33))) -> 3 | G33: 82183 | H33: 83633 | L33: 828.63 | M33: 0.12 | N33: =IF(G33="","",G33/F33) -> 27394.333 | O33: =IF(COUNT(H33:K33)=0,"",MIN(H33:K33)/F33) -> 27877.667 | P33: =IF(L33="","",L33*95/F33) -> 26239.95 | Q33: =IF(OR(N33="",O33=""),"",(IF(AND(N33>7500,O33>7500),O33/(1+IF(O33<=1000,0,IF(O33<=7500,0.05,0.18)))-IF(AND(N33>7500,O33>7500),N33/1.18,N33),(O33-IF(AND(N33>7500,O33>7500),N33/1.18,N33))/(1+IF(O33<=1000,0,IF(O33<=7500,0.05,0.18)))))/(IF(AND(N33>7500,O33>7500),N33/1.18,N33))) -> 0.017643552 | R33: =IF(OR(N33="",O33=""),"",((O33-N33)/1.18)/N33) -> 0.014952162 | S33: =IF(OR(P33="",O33=""),"",(P33-O33)/O33) -> -0.058746547 | T33: =IF(AND(D33="",G33<>""),"no dates - assumed 1 night",IF(Q33="","",IF(Q33>1.5,"check: markup >150%",IF(Q33<0,"below cost",""))))
A34: Goa | B34: - Hyatt Centric Candolim Goa | C34: mid-Feb | D34: 2027-02-11 | E34: 2027-02-14 | F34: =IF(OR(D34="",E34=""),1,MAX(1,DATEVALUE(E34)-DATEVALUE(D34))) -> 3 | G34: 26979 | H34: 30665 | L34: 306.15 | M34: 0.12 | N34: =IF(G34="","",G34/F34) -> 8993 | O34: =IF(COUNT(H34:K34)=0,"",MIN(H34:K34)/F34) -> 10221.667 | P34: =IF(L34="","",L34*95/F34) -> 9694.75 | Q34: =IF(OR(N34="",O34=""),"",(IF(AND(N34>7500,O34>7500),O34/(1+IF(O34<=1000,0,IF(O34<=7500,0.05,0.18)))-IF(AND(N34>7500,O34>7500),N34/1.18,N34),(O34-IF(AND(N34>7500,O34>7500),N34/1.18,N34))/(1+IF(O34<=1000,0,IF(O34<=7500,0.05,0.18)))))/(IF(AND(N34>7500,O34>7500),N34/1.18,N34))) -> 0.13662478 | R34: =IF(OR(N34="",O34=""),"",((O34-N34)/1.18)/N34) -> 0.11578371 | S34: =IF(OR(P34="",O34=""),"",(P34-O34)/O34) -> -0.051548997 | T34: =IF(AND(D34="",G34<>""),"no dates - assumed 1 night",IF(Q34="","",IF(Q34>1.5,"check: markup >150%",IF(Q34<0,"below cost",""))))
A35: Goa | B35: - ITC Grand Goa - A Luxury Collection Resort | C35: ~7d · mid-Jul | D35: 2026-08-13 | E35: 2026-08-16 | F35: =IF(OR(D35="",E35=""),1,MAX(1,DATEVALUE(E35)-DATEVALUE(D35))) -> 3 | G35: 68959 | H35: 83072 | N35: =IF(G35="","",G35/F35) -> 22986.333 | O35: =IF(COUNT(H35:K35)=0,"",MIN(H35:K35)/F35) -> 27690.667 | P35: =IF(L35="","",L35*95/F35) | Q35: =IF(OR(N35="",O35=""),"",(IF(AND(N35>7500,O35>7500),O35/(1+IF(O35<=1000,0,IF(O35<=7500,0.05,0.18)))-IF(AND(N35>7500,O35>7500),N35/1.18,N35),(O35-IF(AND(N35>7500,O35>7500),N35/1.18,N35))/(1+IF(O35<=1000,0,IF(O35<=7500,0.05,0.18)))))/(IF(AND(N35>7500,O35>7500),N35/1.18,N35))) -> 0.20465784 | R35: =IF(OR(N35="",O35=""),"",((O35-N35)/1.18)/N35) -> 0.17343885 | S35: =IF(OR(P35="",O35=""),"",(P35-O35)/O35) | T35: =IF(AND(D35="",G35<>""),"no dates - assumed 1 night",IF(Q35="","",IF(Q35>1.5,"check: markup >150%",IF(Q35<0,"below cost",""))))
A36: Goa | B36: - ITC Grand Goa - A Luxury Collection Resort | C36: mid-Oct · Diwali | D36: 2026-11-12 | E36: 2026-11-15 | F36: =IF(OR(D36="",E36=""),1,MAX(1,DATEVALUE(E36)-DATEVALUE(D36))) -> 3 | G36: 80544 | H36: 100890 | N36: =IF(G36="","",G36/F36) -> 26848 | O36: =IF(COUNT(H36:K36)=0,"",MIN(H36:K36)/F36) -> 33630 | P36: =IF(L36="","",L36*95/F36) | Q36: =IF(OR(N36="",O36=""),"",(IF(AND(N36>7500,O36>7500),O36/(1+IF(O36<=1000,0,IF(O36<=7500,0.05,0.18)))-IF(AND(N36>7500,O36>7500),N36/1.18,N36),(O36-IF(AND(N36>7500,O36>7500),N36/1.18,N36))/(1+IF(O36<=1000,0,IF(O36<=7500,0.05,0.18)))))/(IF(AND(N36>7500,O36>7500),N36/1.18,N36))) -> 0.25260727 | R36: =IF(OR(N36="",O36=""),"",((O36-N36)/1.18)/N36) -> 0.21407396 | S36: =IF(OR(P36="",O36=""),"",(P36-O36)/O36) | T36: =IF(AND(D36="",G36<>""),"no dates - assumed 1 night",IF(Q36="","",IF(Q36>1.5,"check: markup >150%",IF(Q36<0,"below cost",""))))
A37: Goa | B37: - ITC Grand Goa - A Luxury Collection Resort | C37: 27–30 Dec | D37: 2026-12-29 | E37: 2027-01-31 | F37: =IF(OR(D37="",E37=""),1,MAX(1,DATEVALUE(E37)-DATEVALUE(D37))) -> 33 | G37: 184869 | H37: 170375 | N37: =IF(G37="","",G37/F37) -> 5602.0909 | O37: =IF(COUNT(H37:K37)=0,"",MIN(H37:K37)/F37) -> 5162.8788 | P37: =IF(L37="","",L37*95/F37) | Q37: =IF(OR(N37="",O37=""),"",(IF(AND(N37>7500,O37>7500),O37/(1+IF(O37<=1000,0,IF(O37<=7500,0.05,0.18)))-IF(AND(N37>7500,O37>7500),N37/1.18,N37),(O37-IF(AND(N37>7500,O37>7500),N37/1.18,N37))/(1+IF(O37<=1000,0,IF(O37<=7500,0.05,0.18)))))/(IF(AND(N37>7500,O37>7500),N37/1.18,N37))) -> -0.07466806 | R37: =IF(OR(N37="",O37=""),"",((O37-N37)/1.18)/N37) -> -0.066441918 | S37: =IF(OR(P37="",O37=""),"",(P37-O37)/O37) | T37: =IF(AND(D37="",G37<>""),"no dates - assumed 1 night",IF(Q37="","",IF(Q37>1.5,"check: markup >150%",IF(Q37<0,"below cost","")))) -> below cost
A38: Goa | B38: - ITC Grand Goa - A Luxury Collection Resort | C38: mid-Feb | D38: 2027-02-11 | E38: 2027-02-14 | F38: =IF(OR(D38="",E38=""),1,MAX(1,DATEVALUE(E38)-DATEVALUE(D38))) -> 3 | G38: 123499 | H38: 154698 | N38: =IF(G38="","",G38/F38) -> 41166.333 | O38: =IF(COUNT(H38:K38)=0,"",MIN(H38:K38)/F38) -> 51566 | P38: =IF(L38="","",L38*95/F38) | Q38: =IF(OR(N38="",O38=""),"",(IF(AND(N38>7500,O38>7500),O38/(1+IF(O38<=1000,0,IF(O38<=7500,0.05,0.18)))-IF(AND(N38>7500,O38>7500),N38/1.18,N38),(O38-IF(AND(N38>7500,O38>7500),N38/1.18,N38))/(1+IF(O38<=1000,0,IF(O38<=7500,0.05,0.18)))))/(IF(AND(N38>7500,O38>7500),N38/1.18,N38))) -> 0.25262553 | R38: =IF(OR(N38="",O38=""),"",((O38-N38)/1.18)/N38) -> 0.21408943 | S38: =IF(OR(P38="",O38=""),"",(P38-O38)/O38) | T38: =IF(AND(D38="",G38<>""),"no dates - assumed 1 night",IF(Q38="","",IF(Q38>1.5,"check: markup >150%",IF(Q38<0,"below cost",""))))
A39: Goa | B39: - Le Meridien Goa, Calangute | C39: ~7d · mid-Jul | D39: 2026-08-13 | E39: 2026-08-16 | F39: =IF(OR(D39="",E39=""),1,MAX(1,DATEVALUE(E39)-DATEVALUE(D39))) -> 3 | G39: 34996 | H39: 37554 | L39: 381.94 | M39: 0.12 | N39: =IF(G39="","",G39/F39) -> 11665.333 | O39: =IF(COUNT(H39:K39)=0,"",MIN(H39:K39)/F39) -> 12518 | P39: =IF(L39="","",L39*95/F39) -> 12094.767 | Q39: =IF(OR(N39="",O39=""),"",(IF(AND(N39>7500,O39>7500),O39/(1+IF(O39<=1000,0,IF(O39<=7500,0.05,0.18)))-IF(AND(N39>7500,O39>7500),N39/1.18,N39),(O39-IF(AND(N39>7500,O39>7500),N39/1.18,N39))/(1+IF(O39<=1000,0,IF(O39<=7500,0.05,0.18)))))/(IF(AND(N39>7500,O39>7500),N39/1.18,N39))) -> 0.073094068 | R39: =IF(OR(N39="",O39=""),"",((O39-N39)/1.18)/N39) -> 0.061944125 | S39: =IF(OR(P39="",O39=""),"",(P39-O39)/O39) -> -0.03380998 | T39: =IF(AND(D39="",G39<>""),"no dates - assumed 1 night",IF(Q39="","",IF(Q39>1.5,"check: markup >150%",IF(Q39<0,"below cost",""))))
A40: Goa | B40: - Le Meridien Goa, Calangute | C40: ~30d · mid-Aug | D40: 2026-08-28 | E40: 2026-08-31 | F40: =IF(OR(D40="",E40=""),1,MAX(1,DATEVALUE(E40)-DATEVALUE(D40))) -> 3 | G40: 26170 | H40: 27659 | L40: 289.94 | M40: 0.12 | N40: =IF(G40="","",G40/F40) -> 8723.3333 | O40: =IF(COUNT(H40:K40)=0,"",MIN(H40:K40)/F40) -> 9219.6667 | P40: =IF(L40="","",L40*95/F40) -> 9181.4333 | Q40: =IF(OR(N40="",O40=""),"",(IF(AND(N40>7500,O40>7500),O40/(1+IF(O40<=1000,0,IF(O40<=7500,0.05,0.18)))-IF(AND(N40>7500,O40>7500),N40/1.18,N40),(O40-IF(AND(N40>7500,O40>7500),N40/1.18,N40))/(1+IF(O40<=1000,0,IF(O40<=7500,0.05,0.18)))))/(IF(AND(N40>7500,O40>7500),N40/1.18,N40))) -> 0.056897211 | R40: =IF(OR(N40="",O40=""),"",((O40-N40)/1.18)/N40) -> 0.048217975 | S40: =IF(OR(P40="",O40=""),"",(P40-O40)/O40) -> -0.0041469323 | T40: =IF(AND(D40="",G40<>""),"no dates - assumed 1 night",IF(Q40="","",IF(Q40>1.5,"check: markup >150%",IF(Q40<0,"below cost",""))))
A41: Goa | B41: - Le Meridien Goa, Calangute | C41: mid-Oct · Diwali | D41: 2026-11-12 | E41: 2026-11-15 | F41: =IF(OR(D41="",E41=""),1,MAX(1,DATEVALUE(E41)-DATEVALUE(D41))) -> 3 | G41: 44473 | H41: 46522 | L41: 487.68 | M41: 0.12 | N41: =IF(G41="","",G41/F41) -> 14824.333 | O41: =IF(COUNT(H41:K41)=0,"",MIN(H41:K41)/F41) -> 15507.333 | P41: =IF(L41="","",L41*95/F41) -> 15443.2 | Q41: =IF(OR(N41="",O41=""),"",(IF(AND(N41>7500,O41>7500),O41/(1+IF(O41<=1000,0,IF(O41<=7500,0.05,0.18)))-IF(AND(N41>7500,O41>7500),N41/1.18,N41),(O41-IF(AND(N41>7500,O41>7500),N41/1.18,N41))/(1+IF(O41<=1000,0,IF(O41<=7500,0.05,0.18)))))/(IF(AND(N41>7500,O41>7500),N41/1.18,N41))) -> 0.046072898 | R41: =IF(OR(N41="",O41=""),"",((O41-N41)/1.18)/N41) -> 0.039044829 | S41: =IF(OR(P41="",O41=""),"",(P41-O41)/O41) -> -0.0041356777 | T41: =IF(AND(D41="",G41<>""),"no dates - assumed 1 night",IF(Q41="","",IF(Q41>1.5,"check: markup >150%",IF(Q41<0,"below cost",""))))
A42: Goa | B42: - Le Meridien Goa, Calangute | C42: 27–30 Dec | D42: 2026-12-29 | E42: 2027-01-01 | F42: =IF(OR(D42="",E42=""),1,MAX(1,DATEVALUE(E42)-DATEVALUE(D42))) -> 3 | G42: 70721 | H42: 79650 | L42: 834.97 | M42: 0.12 | N42: =IF(G42="","",G42/F42) -> 23573.667 | O42: =IF(COUNT(H42:K42)=0,"",MIN(H42:K42)/F42) -> 26550 | P42: =IF(L42="","",L42*95/F42) -> 26440.717 | Q42: =IF(OR(N42="",O42=""),"",(IF(AND(N42>7500,O42>7500),O42/(1+IF(O42<=1000,0,IF(O42<=7500,0.05,0.18)))-IF(AND(N42>7500,O42>7500),N42/1.18,N42),(O42-IF(AND(N42>7500,O42>7500),N42/1.18,N42))/(1+IF(O42<=1000,0,IF(O42<=7500,0.05,0.18)))))/(IF(AND(N42>7500,O42>7500),N42/1.18,N42))) -> 0.1262567 | R42: =IF(OR(N42="",O42=""),"",((O42-N42)/1.18)/N42) -> 0.1069972 | S42: =IF(OR(P42="",O42=""),"",(P42-O42)/O42) -> -0.0041161331 | T42: =IF(AND(D42="",G42<>""),"no dates - assumed 1 night",IF(Q42="","",IF(Q42>1.5,"check: markup >150%",IF(Q42<0,"below cost",""))))
A43: Goa | B43: - Le Meridien Goa, Calangute | C43: mid-Feb | D43: 2027-02-11 | E43: 2027-02-14 | F43: =IF(OR(D43="",E43=""),1,MAX(1,DATEVALUE(E43)-DATEVALUE(D43))) -> 3 | G43: 30389 | H43: 34191 | L43: 358.42 | M43: 0.12 | N43: =IF(G43="","",G43/F43) -> 10129.667 | O43: =IF(COUNT(H43:K43)=0,"",MIN(H43:K43)/F43) -> 11397 | P43: =IF(L43="","",L43*95/F43) -> 11349.967 | Q43: =IF(OR(N43="",O43=""),"",(IF(AND(N43>7500,O43>7500),O43/(1+IF(O43<=1000,0,IF(O43<=7500,0.05,0.18)))-IF(AND(N43>7500,O43>7500),N43/1.18,N43),(O43-IF(AND(N43>7500,O43>7500),N43/1.18,N43))/(1+IF(O43<=1000,0,IF(O43<=7500,0.05,0.18)))))/(IF(AND(N43>7500,O43>7500),N43/1.18,N43))) -> 0.12511106 | R43: =IF(OR(N43="",O43=""),"",((O43-N43)/1.18)/N43) -> 0.10602632 | S43: =IF(OR(P43="",O43=""),"",(P43-O43)/O43) -> -0.004126817 | T43: =IF(AND(D43="",G43<>""),"no dates - assumed 1 night",IF(Q43="","",IF(Q43>1.5,"check: markup >150%",IF(Q43<0,"below cost",""))))
A44: Goa | B44: - Marquis Beach Resort | C44: ~7d · mid-Jul | D44: 2026-08-13 | E44: 2026-08-16 | F44: =IF(OR(D44="",E44=""),1,MAX(1,DATEVALUE(E44)-DATEVALUE(D44))) -> 3 | G44: 38539 | H44: 40590 | N44: =IF(G44="","",G44/F44) -> 12846.333 | O44: =IF(COUNT(H44:K44)=0,"",MIN(H44:K44)/F44) -> 13530 | P44: =IF(L44="","",L44*95/F44) | Q44: =IF(OR(N44="",O44=""),"",(IF(AND(N44>7500,O44>7500),O44/(1+IF(O44<=1000,0,IF(O44<=7500,0.05,0.18)))-IF(AND(N44>7500,O44>7500),N44/1.18,N44),(O44-IF(AND(N44>7500,O44>7500),N44/1.18,N44))/(1+IF(O44<=1000,0,IF(O44<=7500,0.05,0.18)))))/(IF(AND(N44>7500,O44>7500),N44/1.18,N44))) -> 0.053218817 | R44: =IF(OR(N44="",O44=""),"",((O44-N44)/1.18)/N44) -> 0.045100693 | S44: =IF(OR(P44="",O44=""),"",(P44-O44)/O44) | T44: =IF(AND(D44="",G44<>""),"no dates - assumed 1 night",IF(Q44="","",IF(Q44>1.5,"check: markup >150%",IF(Q44<0,"below cost",""))))
A45: Goa | B45: - Marquis Beach Resort | C45: ~30d · mid-Aug | D45: 2026-08-28 | E45: 2026-08-31 | F45: =IF(OR(D45="",E45=""),1,MAX(1,DATEVALUE(E45)-DATEVALUE(D45))) -> 3 | G45: 31566 | H45: 33210 | N45: =IF(G45="","",G45/F45) -> 10522 | O45: =IF(COUNT(H45:K45)=0,"",MIN(H45:K45)/F45) -> 11070 | P45: =IF(L45="","",L45*95/F45) | Q45: =IF(OR(N45="",O45=""),"",(IF(AND(N45>7500,O45>7500),O45/(1+IF(O45<=1000,0,IF(O45<=7500,0.05,0.18)))-IF(AND(N45>7500,O45>7500),N45/1.18,N45),(O45-IF(AND(N45>7500,O45>7500),N45/1.18,N45))/(1+IF(O45<=1000,0,IF(O45<=7500,0.05,0.18)))))/(IF(AND(N45>7500,O45>7500),N45/1.18,N45))) -> 0.052081353 | R45: =IF(OR(N45="",O45=""),"",((O45-N45)/1.18)/N45) -> 0.04413674 | S45: =IF(OR(P45="",O45=""),"",(P45-O45)/O45) | T45: =IF(AND(D45="",G45<>""),"no dates - assumed 1 night",IF(Q45="","",IF(Q45>1.5,"check: markup >150%",IF(Q45<0,"below cost",""))))
A46: Goa | B46: - Marquis Beach Resort | C46: mid-Oct · Diwali | D46: 2026-11-12 | E46: 2026-11-15 | F46: =IF(OR(D46="",E46=""),1,MAX(1,DATEVALUE(E46)-DATEVALUE(D46))) -> 3 | G46: 31566 | H46: 33210 | N46: =IF(G46="","",G46/F46) -> 10522 | O46: =IF(COUNT(H46:K46)=0,"",MIN(H46:K46)/F46) -> 11070 | P46: =IF(L46="","",L46*95/F46) | Q46: =IF(OR(N46="",O46=""),"",(IF(AND(N46>7500,O46>7500),O46/(1+IF(O46<=1000,0,IF(O46<=7500,0.05,0.18)))-IF(AND(N46>7500,O46>7500),N46/1.18,N46),(O46-IF(AND(N46>7500,O46>7500),N46/1.18,N46))/(1+IF(O46<=1000,0,IF(O46<=7500,0.05,0.18)))))/(IF(AND(N46>7500,O46>7500),N46/1.18,N46))) -> 0.052081353 | R46: =IF(OR(N46="",O46=""),"",((O46-N46)/1.18)/N46) -> 0.04413674 | S46: =IF(OR(P46="",O46=""),"",(P46-O46)/O46) | T46: =IF(AND(D46="",G46<>""),"no dates - assumed 1 night",IF(Q46="","",IF(Q46>1.5,"check: markup >150%",IF(Q46<0,"below cost",""))))
A47: Goa | B47: - Marquis Beach Resort | C47: mid-Feb | D47: 2027-02-11 | E47: 2027-02-14 | F47: =IF(OR(D47="",E47=""),1,MAX(1,DATEVALUE(E47)-DATEVALUE(D47))) -> 3 | G47: 31566 | H47: 33210 | N47: =IF(G47="","",G47/F47) -> 10522 | O47: =IF(COUNT(H47:K47)=0,"",MIN(H47:K47)/F47) -> 11070 | P47: =IF(L47="","",L47*95/F47) | Q47: =IF(OR(N47="",O47=""),"",(IF(AND(N47>7500,O47>7500),O47/(1+IF(O47<=1000,0,IF(O47<=7500,0.05,0.18)))-IF(AND(N47>7500,O47>7500),N47/1.18,N47),(O47-IF(AND(N47>7500,O47>7500),N47/1.18,N47))/(1+IF(O47<=1000,0,IF(O47<=7500,0.05,0.18)))))/(IF(AND(N47>7500,O47>7500),N47/1.18,N47))) -> 0.052081353 | R47: =IF(OR(N47="",O47=""),"",((O47-N47)/1.18)/N47) -> 0.04413674 | S47: =IF(OR(P47="",O47=""),"",(P47-O47)/O47) | T47: =IF(AND(D47="",G47<>""),"no dates - assumed 1 night",IF(Q47="","",IF(Q47>1.5,"check: markup >150%",IF(Q47<0,"below cost",""))))
A48: Goa | B48: - Ocean Palms Resort and Spa, Goa | C48: ~7d · mid-Jul | F48: =IF(OR(D48="",E48=""),1,MAX(1,DATEVALUE(E48)-DATEVALUE(D48))) -> 1 | G48: 12929 | H48: 12315 | L48: 159.77 | M48: 0.13 | N48: =IF(G48="","",G48/F48) -> 12929 | O48: =IF(COUNT(H48:K48)=0,"",MIN(H48:K48)/F48) -> 12315 | P48: =IF(L48="","",L48*95/F48) -> 15178.15 | Q48: =IF(OR(N48="",O48=""),"",(IF(AND(N48>7500,O48>7500),O48/(1+IF(O48<=1000,0,IF(O48<=7500,0.05,0.18)))-IF(AND(N48>7500,O48>7500),N48/1.18,N48),(O48-IF(AND(N48>7500,O48>7500),N48/1.18,N48))/(1+IF(O48<=1000,0,IF(O48<=7500,0.05,0.18)))))/(IF(AND(N48>7500,O48>7500),N48/1.18,N48))) -> -0.047490138 | R48: =IF(OR(N48="",O48=""),"",((O48-N48)/1.18)/N48) -> -0.04024588 | S48: =IF(OR(P48="",O48=""),"",(P48-O48)/O48) -> 0.23249289 | T48: =IF(AND(D48="",G48<>""),"no dates - assumed 1 night",IF(Q48="","",IF(Q48>1.5,"check: markup >150%",IF(Q48<0,"below cost","")))) -> no dates - assumed 1 night
A49: Goa | B49: - Ocean Palms Resort and Spa, Goa | C49: ~30d · mid-Aug | F49: =IF(OR(D49="",E49=""),1,MAX(1,DATEVALUE(E49)-DATEVALUE(D49))) -> 1 | G49: 10152 | H49: 10152 | L49: 154.22 | M49: 0.12 | N49: =IF(G49="","",G49/F49) -> 10152 | O49: =IF(COUNT(H49:K49)=0,"",MIN(H49:K49)/F49) -> 10152 | P49: =IF(L49="","",L49*95/F49) -> 14650.9 | Q49: =IF(OR(N49="",O49=""),"",(IF(AND(N49>7500,O49>7500),O49/(1+IF(O49<=1000,0,IF(O49<=7500,0.05,0.18)))-IF(AND(N49>7500,O49>7500),N49/1.18,N49),(O49-IF(AND(N49>7500,O49>7500),N49/1.18,N49))/(1+IF(O49<=1000,0,IF(O49<=7500,0.05,0.18)))))/(IF(AND(N49>7500,O49>7500),N49/1.18,N49))) -> 0 | R49: =IF(OR(N49="",O49=""),"",((O49-N49)/1.18)/N49) -> 0 | S49: =IF(OR(P49="",O49=""),"",(P49-O49)/O49) -> 0.44315406 | T49: =IF(AND(D49="",G49<>""),"no dates - assumed 1 night",IF(Q49="","",IF(Q49>1.5,"check: markup >150%",IF(Q49<0,"below cost","")))) -> no dates - assumed 1 night
A50: Goa | B50: - Ocean Palms Resort and Spa, Goa | C50: mid-Oct · Diwali | F50: =IF(OR(D50="",E50=""),1,MAX(1,DATEVALUE(E50)-DATEVALUE(D50))) -> 1 | G50: 34119 | H50: 20124 | L50: 335.72 | M50: 0.12 | N50: =IF(G50="","",G50/F50) -> 34119 | O50: =IF(COUNT(H50:K50)=0,"",MIN(H50:K50)/F50) -> 20124 | P50: =IF(L50="","",L50*95/F50) -> 31893.4 | Q50: =IF(OR(N50="",O50=""),"",(IF(AND(N50>7500,O50>7500),O50/(1+IF(O50<=1000,0,IF(O50<=7500,0.05,0.18)))-IF(AND(N50>7500,O50>7500),N50/1.18,N50),(O50-IF(AND(N50>7500,O50>7500),N50/1.18,N50))/(1+IF(O50<=1000,0,IF(O50<=7500,0.05,0.18)))))/(IF(AND(N50>7500,O50>7500),N50/1.18,N50))) -> -0.41018201 | R50: =IF(OR(N50="",O50=""),"",((O50-N50)/1.18)/N50) -> -0.34761187 | S50: =IF(OR(P50="",O50=""),"",(P50-O50)/O50) -> 0.58484397 | T50: =IF(AND(D50="",G50<>""),"no dates - assumed 1 night",IF(Q50="","",IF(Q50>1.5,"check: markup >150%",IF(Q50<0,"below cost","")))) -> no dates - assumed 1 night
A51: Goa | B51: - Ocean Palms Resort and Spa, Goa | C51: mid-Feb | F51: =IF(OR(D51="",E51=""),1,MAX(1,DATEVALUE(E51)-DATEVALUE(D51))) -> 1 | G51: 19478 | H51: 20124 | L51: 232.42 | M51: 0.12 | N51: =IF(G51="","",G51/F51) -> 19478 | O51: =IF(COUNT(H51:K51)=0,"",MIN(H51:K51)/F51) -> 20124 | P51: =IF(L51="","",L51*95/F51) -> 22079.9 | Q51: =IF(OR(N51="",O51=""),"",(IF(AND(N51>7500,O51>7500),O51/(1+IF(O51<=1000,0,IF(O51<=7500,0.05,0.18)))-IF(AND(N51>7500,O51>7500),N51/1.18,N51),(O51-IF(AND(N51>7500,O51>7500),N51/1.18,N51))/(1+IF(O51<=1000,0,IF(O51<=7500,0.05,0.18)))))/(IF(AND(N51>7500,O51>7500),N51/1.18,N51))) -> 0.033165623 | R51: =IF(OR(N51="",O51=""),"",((O51-N51)/1.18)/N51) -> 0.02810646 | S51: =IF(OR(P51="",O51=""),"",(P51-O51)/O51) -> 0.097192407 | T51: =IF(AND(D51="",G51<>""),"no dates - assumed 1 night",IF(Q51="","",IF(Q51>1.5,"check: markup >150%",IF(Q51<0,"below cost","")))) -> no dates - assumed 1 night
A52: Goa | B52: - Planet Hollywood Beach Resort | C52: ~7d · mid-Jul | D52: 2026-08-13 | E52: 2026-08-16 | F52: =IF(OR(D52="",E52=""),1,MAX(1,DATEVALUE(E52)-DATEVALUE(D52))) -> 3 | G52: 23307 | H52: 26977 | N52: =IF(G52="","",G52/F52) -> 7769 | O52: =IF(COUNT(H52:K52)=0,"",MIN(H52:K52)/F52) -> 8992.3333 | P52: =IF(L52="","",L52*95/F52) | Q52: =IF(OR(N52="",O52=""),"",(IF(AND(N52>7500,O52>7500),O52/(1+IF(O52<=1000,0,IF(O52<=7500,0.05,0.18)))-IF(AND(N52>7500,O52>7500),N52/1.18,N52),(O52-IF(AND(N52>7500,O52>7500),N52/1.18,N52))/(1+IF(O52<=1000,0,IF(O52<=7500,0.05,0.18)))))/(IF(AND(N52>7500,O52>7500),N52/1.18,N52))) -> 0.15746342 | R52: =IF(OR(N52="",O52=""),"",((O52-N52)/1.18)/N52) -> 0.13344358 | S52: =IF(OR(P52="",O52=""),"",(P52-O52)/O52) | T52: =IF(AND(D52="",G52<>""),"no dates - assumed 1 night",IF(Q52="","",IF(Q52>1.5,"check: markup >150%",IF(Q52<0,"below cost",""))))
A53: Goa | B53: - Planet Hollywood Beach Resort | C53: ~30d · mid-Aug | D53: 2026-08-28 | E53: 2026-08-31 | F53: =IF(OR(D53="",E53=""),1,MAX(1,DATEVALUE(E53)-DATEVALUE(D53))) -> 3 | G53: 18872 | H53: 22223 | N53: =IF(G53="","",G53/F53) -> 6290.6667 | O53: =IF(COUNT(H53:K53)=0,"",MIN(H53:K53)/F53) -> 7407.6667 | P53: =IF(L53="","",L53*95/F53) | Q53: =IF(OR(N53="",O53=""),"",(IF(AND(N53>7500,O53>7500),O53/(1+IF(O53<=1000,0,IF(O53<=7500,0.05,0.18)))-IF(AND(N53>7500,O53>7500),N53/1.18,N53),(O53-IF(AND(N53>7500,O53>7500),N53/1.18,N53))/(1+IF(O53<=1000,0,IF(O53<=7500,0.05,0.18)))))/(IF(AND(N53>7500,O53>7500),N53/1.18,N53))) -> 0.16910919 | R53: =IF(OR(N53="",O53=""),"",((O53-N53)/1.18)/N53) -> 0.15047851 | S53: =IF(OR(P53="",O53=""),"",(P53-O53)/O53) | T53: =IF(AND(D53="",G53<>""),"no dates - assumed 1 night",IF(Q53="","",IF(Q53>1.5,"check: markup >150%",IF(Q53<0,"below cost",""))))
A54: Goa | B54: - Planet Hollywood Beach Resort | C54: mid-Oct · Diwali | D54: 2026-11-12 | E54: 2026-11-15 | F54: =IF(OR(D54="",E54=""),1,MAX(1,DATEVALUE(E54)-DATEVALUE(D54))) -> 3 | G54: 31381 | H54: 36108 | N54: =IF(G54="","",G54/F54) -> 10460.333 | O54: =IF(COUNT(H54:K54)=0,"",MIN(H54:K54)/F54) -> 12036 | P54: =IF(L54="","",L54*95/F54) | Q54: =IF(OR(N54="",O54=""),"",(IF(AND(N54>7500,O54>7500),O54/(1+IF(O54<=1000,0,IF(O54<=7500,0.05,0.18)))-IF(AND(N54>7500,O54>7500),N54/1.18,N54),(O54-IF(AND(N54>7500,O54>7500),N54/1.18,N54))/(1+IF(O54<=1000,0,IF(O54<=7500,0.05,0.18)))))/(IF(AND(N54>7500,O54>7500),N54/1.18,N54))) -> 0.15063255 | R54: =IF(OR(N54="",O54=""),"",((O54-N54)/1.18)/N54) -> 0.1276547 | S54: =IF(OR(P54="",O54=""),"",(P54-O54)/O54) | T54: =IF(AND(D54="",G54<>""),"no dates - assumed 1 night",IF(Q54="","",IF(Q54>1.5,"check: markup >150%",IF(Q54<0,"below cost",""))))
A55: Goa | B55: - Planet Hollywood Beach Resort | C55: 27–30 Dec | D55: 2026-12-29 | E55: 2027-01-01 | F55: =IF(OR(D55="",E55=""),1,MAX(1,DATEVALUE(E55)-DATEVALUE(D55))) -> 3 | G55: 85860 | H55: 87910 | N55: =IF(G55="","",G55/F55) -> 28620 | O55: =IF(COUNT(H55:K55)=0,"",MIN(H55:K55)/F55) -> 29303.333 | P55: =IF(L55="","",L55*95/F55) | Q55: =IF(OR(N55="",O55=""),"",(IF(AND(N55>7500,O55>7500),O55/(1+IF(O55<=1000,0,IF(O55<=7500,0.05,0.18)))-IF(AND(N55>7500,O55>7500),N55/1.18,N55),(O55-IF(AND(N55>7500,O55>7500),N55/1.18,N55))/(1+IF(O55<=1000,0,IF(O55<=7500,0.05,0.18)))))/(IF(AND(N55>7500,O55>7500),N55/1.18,N55))) -> 0.023876077 | R55: =IF(OR(N55="",O55=""),"",((O55-N55)/1.18)/N55) -> 0.020233964 | S55: =IF(OR(P55="",O55=""),"",(P55-O55)/O55) | T55: =IF(AND(D55="",G55<>""),"no dates - assumed 1 night",IF(Q55="","",IF(Q55>1.5,"check: markup >150%",IF(Q55<0,"below cost",""))))
A56: Goa | B56: - Planet Hollywood Beach Resort | C56: mid-Feb | D56: 2027-02-11 | E56: 2027-02-14 | F56: =IF(OR(D56="",E56=""),1,MAX(1,DATEVALUE(E56)-DATEVALUE(D56))) -> 3 | G56: 36611 | H56: 42126 | N56: =IF(G56="","",G56/F56) -> 12203.667 | O56: =IF(COUNT(H56:K56)=0,"",MIN(H56:K56)/F56) -> 14042 | P56: =IF(L56="","",L56*95/F56) | Q56: =IF(OR(N56="",O56=""),"",(IF(AND(N56>7500,O56>7500),O56/(1+IF(O56<=1000,0,IF(O56<=7500,0.05,0.18)))-IF(AND(N56>7500,O56>7500),N56/1.18,N56),(O56-IF(AND(N56>7500,O56>7500),N56/1.18,N56))/(1+IF(O56<=1000,0,IF(O56<=7500,0.05,0.18)))))/(IF(AND(N56>7500,O56>7500),N56/1.18,N56))) -> 0.15063779 | R56: =IF(OR(N56="",O56=""),"",((O56-N56)/1.18)/N56) -> 0.12765914 | S56: =IF(OR(P56="",O56=""),"",(P56-O56)/O56) | T56: =IF(AND(D56="",G56<>""),"no dates - assumed 1 night",IF(Q56="","",IF(Q56>1.5,"check: markup >150%",IF(Q56<0,"below cost",""))))
A57: Goa | B57: - Radisson Blu Cavelossim Beach | C57: ~7d · mid-Jul | D57: 2026-08-13 | E57: 2026-08-16 | F57: =IF(OR(D57="",E57=""),1,MAX(1,DATEVALUE(E57)-DATEVALUE(D57))) -> 3 | G57: 30138 | H57: 44518 | L57: 392.01 | M57: 0.15 | N57: =IF(G57="","",G57/F57) -> 10046 | O57: =IF(COUNT(H57:K57)=0,"",MIN(H57:K57)/F57) -> 14839.333 | P57: =IF(L57="","",L57*95/F57) -> 12413.65 | Q57: =IF(OR(N57="",O57=""),"",(IF(AND(N57>7500,O57>7500),O57/(1+IF(O57<=1000,0,IF(O57<=7500,0.05,0.18)))-IF(AND(N57>7500,O57>7500),N57/1.18,N57),(O57-IF(AND(N57>7500,O57>7500),N57/1.18,N57))/(1+IF(O57<=1000,0,IF(O57<=7500,0.05,0.18)))))/(IF(AND(N57>7500,O57>7500),N57/1.18,N57))) -> 0.4771385 | R57: =IF(OR(N57="",O57=""),"",((O57-N57)/1.18)/N57) -> 0.40435466 | S57: =IF(OR(P57="",O57=""),"",(P57-O57)/O57) -> -0.16346309 | T57: =IF(AND(D57="",G57<>""),"no dates - assumed 1 night",IF(Q57="","",IF(Q57>1.5,"check: markup >150%",IF(Q57<0,"below cost",""))))
A58: Goa | B58: - Radisson Blu Cavelossim Beach | C58: ~30d · mid-Aug | D58: 2026-08-28 | E58: 2026-08-31 | F58: =IF(OR(D58="",E58=""),1,MAX(1,DATEVALUE(E58)-DATEVALUE(D58))) -> 3 | G58: 30123 | H58: 35012 | L58: 394.26 | M58: 0.16 | N58: =IF(G58="","",G58/F58) -> 10041 | O58: =IF(COUNT(H58:K58)=0,"",MIN(H58:K58)/F58) -> 11670.667 | P58: =IF(L58="","",L58*95/F58) -> 12484.9 | Q58: =IF(OR(N58="",O58=""),"",(IF(AND(N58>7500,O58>7500),O58/(1+IF(O58<=1000,0,IF(O58<=7500,0.05,0.18)))-IF(AND(N58>7500,O58>7500),N58/1.18,N58),(O58-IF(AND(N58>7500,O58>7500),N58/1.18,N58))/(1+IF(O58<=1000,0,IF(O58<=7500,0.05,0.18)))))/(IF(AND(N58>7500,O58>7500),N58/1.18,N58))) -> 0.16230123 | R58: =IF(OR(N58="",O58=""),"",((O58-N58)/1.18)/N58) -> 0.13754342 | S58: =IF(OR(P58="",O58=""),"",(P58-O58)/O58) -> 0.069767508 | T58: =IF(AND(D58="",G58<>""),"no dates - assumed 1 night",IF(Q58="","",IF(Q58>1.5,"check: markup >150%",IF(Q58<0,"below cost",""))))
A59: Goa | B59: - Radisson Blu Cavelossim Beach | C59: 27–30 Dec | D59: 2026-12-29 | E59: 2027-01-01 | F59: =IF(OR(D59="",E59=""),1,MAX(1,DATEVALUE(E59)-DATEVALUE(D59))) -> 3 | G59: 94320 | H59: 110129 | L59: 1239.08 | M59: 0.15 | N59: =IF(G59="","",G59/F59) -> 31440 | O59: =IF(COUNT(H59:K59)=0,"",MIN(H59:K59)/F59) -> 36709.667 | P59: =IF(L59="","",L59*95/F59) -> 39237.533 | Q59: =IF(OR(N59="",O59=""),"",(IF(AND(N59>7500,O59>7500),O59/(1+IF(O59<=1000,0,IF(O59<=7500,0.05,0.18)))-IF(AND(N59>7500,O59>7500),N59/1.18,N59),(O59-IF(AND(N59>7500,O59>7500),N59/1.18,N59))/(1+IF(O59<=1000,0,IF(O59<=7500,0.05,0.18)))))/(IF(AND(N59>7500,O59>7500),N59/1.18,N59))) -> 0.16761026 | R59: =IF(OR(N59="",O59=""),"",((O59-N59)/1.18)/N59) -> 0.1420426 | S59: =IF(OR(P59="",O59=""),"",(P59-O59)/O59) -> 0.068861063 | T59: =IF(AND(D59="",G59<>""),"no dates - assumed 1 night",IF(Q59="","",IF(Q59>1.5,"check: markup >150%",IF(Q59<0,"below cost",""))))
A60: Goa | B60: - Radisson Blu Cavelossim Beach | C60: mid-Feb | D60: 2027-02-11 | E60: 2027-02-14 | F60: =IF(OR(D60="",E60=""),1,MAX(1,DATEVALUE(E60)-DATEVALUE(D60))) -> 3 | G60: 73241 | H60: 94618 | L60: 954.15 | M60: 0.15 | N60: =IF(G60="","",G60/F60) -> 24413.667 | O60: =IF(COUNT(H60:K60)=0,"",MIN(H60:K60)/F60) -> 31539.333 | P60: =IF(L60="","",L60*95/F60) -> 30214.75 | Q60: =IF(OR(N60="",O60=""),"",(IF(AND(N60>7500,O60>7500),O60/(1+IF(O60<=1000,0,IF(O60<=7500,0.05,0.18)))-IF(AND(N60>7500,O60>7500),N60/1.18,N60),(O60-IF(AND(N60>7500,O60>7500),N60/1.18,N60))/(1+IF(O60<=1000,0,IF(O60<=7500,0.05,0.18)))))/(IF(AND(N60>7500,O60>7500),N60/1.18,N60))) -> 0.29187204 | R60: =IF(OR(N60="",O60=""),"",((O60-N60)/1.18)/N60) -> 0.24734919 | S60: =IF(OR(P60="",O60=""),"",(P60-O60)/O60) -> -0.041997823 | T60: =IF(AND(D60="",G60<>""),"no dates - assumed 1 night",IF(Q60="","",IF(Q60>1.5,"check: markup >150%",IF(Q60<0,"below cost",""))))
A61: Goa | B61: - Royal Orchid Beach Resort & Spa | C61: ~7d · mid-Jul | D61: 2026-08-13 | E61: 2026-08-16 | F61: =IF(OR(D61="",E61=""),1,MAX(1,DATEVALUE(E61)-DATEVALUE(D61))) -> 3 | G61: 23026 | H61: 25976 | N61: =IF(G61="","",G61/F61) -> 7675.3333 | O61: =IF(COUNT(H61:K61)=0,"",MIN(H61:K61)/F61) -> 8658.6667 | P61: =IF(L61="","",L61*95/F61) | Q61: =IF(OR(N61="",O61=""),"",(IF(AND(N61>7500,O61>7500),O61/(1+IF(O61<=1000,0,IF(O61<=7500,0.05,0.18)))-IF(AND(N61>7500,O61>7500),N61/1.18,N61),(O61-IF(AND(N61>7500,O61>7500),N61/1.18,N61))/(1+IF(O61<=1000,0,IF(O61<=7500,0.05,0.18)))))/(IF(AND(N61>7500,O61>7500),N61/1.18,N61))) -> 0.12811604 | R61: =IF(OR(N61="",O61=""),"",((O61-N61)/1.18)/N61) -> 0.10857292 | S61: =IF(OR(P61="",O61=""),"",(P61-O61)/O61) | T61: =IF(AND(D61="",G61<>""),"no dates - assumed 1 night",IF(Q61="","",IF(Q61>1.5,"check: markup >150%",IF(Q61<0,"below cost",""))))
A62: Goa | B62: - Royal Orchid Beach Resort & Spa | C62: ~30d · mid-Aug | D62: 2026-08-28 | E62: 2026-08-31 | F62: =IF(OR(D62="",E62=""),1,MAX(1,DATEVALUE(E62)-DATEVALUE(D62))) -> 3 | G62: 17828 | H62: 20126 | N62: =IF(G62="","",G62/F62) -> 5942.6667 | O62: =IF(COUNT(H62:K62)=0,"",MIN(H62:K62)/F62) -> 6708.6667 | P62: =IF(L62="","",L62*95/F62) | Q62: =IF(OR(N62="",O62=""),"",(IF(AND(N62>7500,O62>7500),O62/(1+IF(O62<=1000,0,IF(O62<=7500,0.05,0.18)))-IF(AND(N62>7500,O62>7500),N62/1.18,N62),(O62-IF(AND(N62>7500,O62>7500),N62/1.18,N62))/(1+IF(O62<=1000,0,IF(O62<=7500,0.05,0.18)))))/(IF(AND(N62>7500,O62>7500),N62/1.18,N62))) -> 0.12276034 | R62: =IF(OR(N62="",O62=""),"",((O62-N62)/1.18)/N62) -> 0.1092359 | S62: =IF(OR(P62="",O62=""),"",(P62-O62)/O62) | T62: =IF(AND(D62="",G62<>""),"no dates - assumed 1 night",IF(Q62="","",IF(Q62>1.5,"check: markup >150%",IF(Q62<0,"below cost",""))))
A63: Goa | B63: - Royal Orchid Beach Resort & Spa | C63: mid-Oct · Diwali | D63: 2026-11-12 | E63: 2026-11-15 | F63: =IF(OR(D63="",E63=""),1,MAX(1,DATEVALUE(E63)-DATEVALUE(D63))) -> 3 | G63: 66362 | H63: 82836 | N63: =IF(G63="","",G63/F63) -> 22120.667 | O63: =IF(COUNT(H63:K63)=0,"",MIN(H63:K63)/F63) -> 27612 | P63: =IF(L63="","",L63*95/F63) | Q63: =IF(OR(N63="",O63=""),"",(IF(AND(N63>7500,O63>7500),O63/(1+IF(O63<=1000,0,IF(O63<=7500,0.05,0.18)))-IF(AND(N63>7500,O63>7500),N63/1.18,N63),(O63-IF(AND(N63>7500,O63>7500),N63/1.18,N63))/(1+IF(O63<=1000,0,IF(O63<=7500,0.05,0.18)))))/(IF(AND(N63>7500,O63>7500),N63/1.18,N63))) -> 0.24824448 | R63: =IF(OR(N63="",O63=""),"",((O63-N63)/1.18)/N63) -> 0.21037668 | S63: =IF(OR(P63="",O63=""),"",(P63-O63)/O63) | T63: =IF(AND(D63="",G63<>""),"no dates - assumed 1 night",IF(Q63="","",IF(Q63>1.5,"check: markup >150%",IF(Q63<0,"below cost",""))))
A64: Goa | B64: - Royal Orchid Beach Resort & Spa | C64: 27–30 Dec | D64: 2026-12-29 | E64: 2027-01-01 | F64: =IF(OR(D64="",E64=""),1,MAX(1,DATEVALUE(E64)-DATEVALUE(D64))) -> 3 | G64: 66362 | H64: 82836 | N64: =IF(G64="","",G64/F64) -> 22120.667 | O64: =IF(COUNT(H64:K64)=0,"",MIN(H64:K64)/F64) -> 27612 | P64: =IF(L64="","",L64*95/F64) | Q64: =IF(OR(N64="",O64=""),"",(IF(AND(N64>7500,O64>7500),O64/(1+IF(O64<=1000,0,IF(O64<=7500,0.05,0.18)))-IF(AND(N64>7500,O64>7500),N64/1.18,N64),(O64-IF(AND(N64>7500,O64>7500),N64/1.18,N64))/(1+IF(O64<=1000,0,IF(O64<=7500,0.05,0.18)))))/(IF(AND(N64>7500,O64>7500),N64/1.18,N64))) -> 0.24824448 | R64: =IF(OR(N64="",O64=""),"",((O64-N64)/1.18)/N64) -> 0.21037668 | S64: =IF(OR(P64="",O64=""),"",(P64-O64)/O64) | T64: =IF(AND(D64="",G64<>""),"no dates - assumed 1 night",IF(Q64="","",IF(Q64>1.5,"check: markup >150%",IF(Q64<0,"below cost",""))))
A65: Goa | B65: - Royal Orchid Beach Resort & Spa | C65: mid-Feb | D65: 2027-02-11 | E65: 2027-02-14 | F65: =IF(OR(D65="",E65=""),1,MAX(1,DATEVALUE(E65)-DATEVALUE(D65))) -> 3 | G65: 105983 | H65: 111510 | N65: =IF(G65="","",G65/F65) -> 35327.667 | O65: =IF(COUNT(H65:K65)=0,"",MIN(H65:K65)/F65) -> 37170 | P65: =IF(L65="","",L65*95/F65) | Q65: =IF(OR(N65="",O65=""),"",(IF(AND(N65>7500,O65>7500),O65/(1+IF(O65<=1000,0,IF(O65<=7500,0.05,0.18)))-IF(AND(N65>7500,O65>7500),N65/1.18,N65),(O65-IF(AND(N65>7500,O65>7500),N65/1.18,N65))/(1+IF(O65<=1000,0,IF(O65<=7500,0.05,0.18)))))/(IF(AND(N65>7500,O65>7500),N65/1.18,N65))) -> 0.052149873 | R65: =IF(OR(N65="",O65=""),"",((O65-N65)/1.18)/N65) -> 0.044194808 | S65: =IF(OR(P65="",O65=""),"",(P65-O65)/O65) | T65: =IF(AND(D65="",G65<>""),"no dates - assumed 1 night",IF(Q65="","",IF(Q65>1.5,"check: markup >150%",IF(Q65<0,"below cost",""))))
A66: Goa | B66: - Somy Plaza, Calangute a luxurious escape | C66: ~7d · mid-Jul | D66: 2026-08-13 | E66: 2026-08-16 | F66: =IF(OR(D66="",E66=""),1,MAX(1,DATEVALUE(E66)-DATEVALUE(D66))) -> 3 | H66: 10862 | N66: =IF(G66="","",G66/F66) | O66: =IF(COUNT(H66:K66)=0,"",MIN(H66:K66)/F66) -> 3620.6667 | P66: =IF(L66="","",L66*95/F66) | Q66: =IF(OR(N66="",O66=""),"",(IF(AND(N66>7500,O66>7500),O66/(1+IF(O66<=1000,0,IF(O66<=7500,0.05,0.18)))-IF(AND(N66>7500,O66>7500),N66/1.18,N66),(O66-IF(AND(N66>7500,O66>7500),N66/1.18,N66))/(1+IF(O66<=1000,0,IF(O66<=7500,0.05,0.18)))))/(IF(AND(N66>7500,O66>7500),N66/1.18,N66))) | R66: =IF(OR(N66="",O66=""),"",((O66-N66)/1.18)/N66) | S66: =IF(OR(P66="",O66=""),"",(P66-O66)/O66) | T66: =IF(AND(D66="",G66<>""),"no dates - assumed 1 night",IF(Q66="","",IF(Q66>1.5,"check: markup >150%",IF(Q66<0,"below cost",""))))
A67: Goa | B67: - Somy Plaza, Calangute a luxurious escape | C67: ~30d · mid-Aug | D67: 2026-08-28 | E67: 2026-08-31 | F67: =IF(OR(D67="",E67=""),1,MAX(1,DATEVALUE(E67)-DATEVALUE(D67))) -> 3 | H67: 9248 | N67: =IF(G67="","",G67/F67) | O67: =IF(COUNT(H67:K67)=0,"",MIN(H67:K67)/F67) -> 3082.6667 | P67: =IF(L67="","",L67*95/F67) | Q67: =IF(OR(N67="",O67=""),"",(IF(AND(N67>7500,O67>7500),O67/(1+IF(O67<=1000,0,IF(O67<=7500,0.05,0.18)))-IF(AND(N67>7500,O67>7500),N67/1.18,N67),(O67-IF(AND(N67>7500,O67>7500),N67/1.18,N67))/(1+IF(O67<=1000,0,IF(O67<=7500,0.05,0.18)))))/(IF(AND(N67>7500,O67>7500),N67/1.18,N67))) | R67: =IF(OR(N67="",O67=""),"",((O67-N67)/1.18)/N67) | S67: =IF(OR(P67="",O67=""),"",(P67-O67)/O67) | T67: =IF(AND(D67="",G67<>""),"no dates - assumed 1 night",IF(Q67="","",IF(Q67>1.5,"check: markup >150%",IF(Q67<0,"below cost",""))))
A68: Goa | B68: - Somy Plaza, Calangute a luxurious escape | C68: mid-Oct · Diwali | D68: 2026-11-12 | E68: 2026-11-15 | F68: =IF(OR(D68="",E68=""),1,MAX(1,DATEVALUE(E68)-DATEVALUE(D68))) -> 3 | H68: 18660 | N68: =IF(G68="","",G68/F68) | O68: =IF(COUNT(H68:K68)=0,"",MIN(H68:K68)/F68) -> 6220 | P68: =IF(L68="","",L68*95/F68) | Q68: =IF(OR(N68="",O68=""),"",(IF(AND(N68>7500,O68>7500),O68/(1+IF(O68<=1000,0,IF(O68<=7500,0.05,0.18)))-IF(AND(N68>7500,O68>7500),N68/1.18,N68),(O68-IF(AND(N68>7500,O68>7500),N68/1.18,N68))/(1+IF(O68<=1000,0,IF(O68<=7500,0.05,0.18)))))/(IF(AND(N68>7500,O68>7500),N68/1.18,N68))) | R68: =IF(OR(N68="",O68=""),"",((O68-N68)/1.18)/N68) | S68: =IF(OR(P68="",O68=""),"",(P68-O68)/O68) | T68: =IF(AND(D68="",G68<>""),"no dates - assumed 1 night",IF(Q68="","",IF(Q68>1.5,"check: markup >150%",IF(Q68<0,"below cost",""))))
A69: Goa | B69: - Somy Plaza, Calangute a luxurious escape | C69: mid-Feb | D69: 2027-02-11 | E69: 2027-02-14 | F69: =IF(OR(D69="",E69=""),1,MAX(1,DATEVALUE(E69)-DATEVALUE(D69))) -> 3 | H69: 18466 | N69: =IF(G69="","",G69/F69) | O69: =IF(COUNT(H69:K69)=0,"",MIN(H69:K69)/F69) -> 6155.3333 | P69: =IF(L69="","",L69*95/F69) | Q69: =IF(OR(N69="",O69=""),"",(IF(AND(N69>7500,O69>7500),O69/(1+IF(O69<=1000,0,IF(O69<=7500,0.05,0.18)))-IF(AND(N69>7500,O69>7500),N69/1.18,N69),(O69-IF(AND(N69>7500,O69>7500),N69/1.18,N69))/(1+IF(O69<=1000,0,IF(O69<=7500,0.05,0.18)))))/(IF(AND(N69>7500,O69>7500),N69/1.18,N69))) | R69: =IF(OR(N69="",O69=""),"",((O69-N69)/1.18)/N69) | S69: =IF(OR(P69="",O69=""),"",(P69-O69)/O69) | T69: =IF(AND(D69="",G69<>""),"no dates - assumed 1 night",IF(Q69="","",IF(Q69>1.5,"check: markup >150%",IF(Q69<0,"below cost",""))))
A70: Goa | B70: - Taj Holiday Village Resort & Spa, Goa | C70: ~7d · mid-Jul | D70: 2026-08-13 | E70: 2026-08-16 | F70: =IF(OR(D70="",E70=""),1,MAX(1,DATEVALUE(E70)-DATEVALUE(D70))) -> 3 | G70: 72062 | H70: 80948 | N70: =IF(G70="","",G70/F70) -> 24020.667 | O70: =IF(COUNT(H70:K70)=0,"",MIN(H70:K70)/F70) -> 26982.667 | P70: =IF(L70="","",L70*95/F70) | Q70: =IF(OR(N70="",O70=""),"",(IF(AND(N70>7500,O70>7500),O70/(1+IF(O70<=1000,0,IF(O70<=7500,0.05,0.18)))-IF(AND(N70>7500,O70>7500),N70/1.18,N70),(O70-IF(AND(N70>7500,O70>7500),N70/1.18,N70))/(1+IF(O70<=1000,0,IF(O70<=7500,0.05,0.18)))))/(IF(AND(N70>7500,O70>7500),N70/1.18,N70))) -> 0.12331048 | R70: =IF(OR(N70="",O70=""),"",((O70-N70)/1.18)/N70) -> 0.10450041 | S70: =IF(OR(P70="",O70=""),"",(P70-O70)/O70) | T70: =IF(AND(D70="",G70<>""),"no dates - assumed 1 night",IF(Q70="","",IF(Q70>1.5,"check: markup >150%",IF(Q70<0,"below cost",""))))
A71: Goa | B71: - Taj Holiday Village Resort & Spa, Goa | C71: ~30d · mid-Aug | D71: 2026-08-28 | E71: 2026-08-31 | F71: =IF(OR(D71="",E71=""),1,MAX(1,DATEVALUE(E71)-DATEVALUE(D71))) -> 3 | G71: 80150 | H71: 90034 | N71: =IF(G71="","",G71/F71) -> 26716.667 | O71: =IF(COUNT(H71:K71)=0,"",MIN(H71:K71)/F71) -> 30011.333 | P71: =IF(L71="","",L71*95/F71) | Q71: =IF(OR(N71="",O71=""),"",(IF(AND(N71>7500,O71>7500),O71/(1+IF(O71<=1000,0,IF(O71<=7500,0.05,0.18)))-IF(AND(N71>7500,O71>7500),N71/1.18,N71),(O71-IF(AND(N71>7500,O71>7500),N71/1.18,N71))/(1+IF(O71<=1000,0,IF(O71<=7500,0.05,0.18)))))/(IF(AND(N71>7500,O71>7500),N71/1.18,N71))) -> 0.12331878 | R71: =IF(OR(N71="",O71=""),"",((O71-N71)/1.18)/N71) -> 0.10450744 | S71: =IF(OR(P71="",O71=""),"",(P71-O71)/O71) | T71: =IF(AND(D71="",G71<>""),"no dates - assumed 1 night",IF(Q71="","",IF(Q71>1.5,"check: markup >150%",IF(Q71<0,"below cost",""))))
A72: Goa | B72: - Taj Holiday Village Resort & Spa, Goa | C72: mid-Oct · Diwali | D72: 2026-11-12 | E72: 2026-11-15 | F72: =IF(OR(D72="",E72=""),1,MAX(1,DATEVALUE(E72)-DATEVALUE(D72))) -> 3 | G72: 106831 | H72: 124844 | N72: =IF(G72="","",G72/F72) -> 35610.333 | O72: =IF(COUNT(H72:K72)=0,"",MIN(H72:K72)/F72) -> 41614.667 | P72: =IF(L72="","",L72*95/F72) | Q72: =IF(OR(N72="",O72=""),"",(IF(AND(N72>7500,O72>7500),O72/(1+IF(O72<=1000,0,IF(O72<=7500,0.05,0.18)))-IF(AND(N72>7500,O72>7500),N72/1.18,N72),(O72-IF(AND(N72>7500,O72>7500),N72/1.18,N72))/(1+IF(O72<=1000,0,IF(O72<=7500,0.05,0.18)))))/(IF(AND(N72>7500,O72>7500),N72/1.18,N72))) -> 0.16861211 | R72: =IF(OR(N72="",O72=""),"",((O72-N72)/1.18)/N72) -> 0.14289162 | S72: =IF(OR(P72="",O72=""),"",(P72-O72)/O72) | T72: =IF(AND(D72="",G72<>""),"no dates - assumed 1 night",IF(Q72="","",IF(Q72>1.5,"check: markup >150%",IF(Q72<0,"below cost",""))))
A73: Goa | B73: - Taj Holiday Village Resort & Spa, Goa | C73: 27–30 Dec | D73: 2026-12-29 | E73: 2027-01-01 | F73: =IF(OR(D73="",E73=""),1,MAX(1,DATEVALUE(E73)-DATEVALUE(D73))) -> 3 | G73: 168073 | H73: 188800 | N73: =IF(G73="","",G73/F73) -> 56024.333 | O73: =IF(COUNT(H73:K73)=0,"",MIN(H73:K73)/F73) -> 62933.333 | P73: =IF(L73="","",L73*95/F73) | Q73: =IF(OR(N73="",O73=""),"",(IF(AND(N73>7500,O73>7500),O73/(1+IF(O73<=1000,0,IF(O73<=7500,0.05,0.18)))-IF(AND(N73>7500,O73>7500),N73/1.18,N73),(O73-IF(AND(N73>7500,O73>7500),N73/1.18,N73))/(1+IF(O73<=1000,0,IF(O73<=7500,0.05,0.18)))))/(IF(AND(N73>7500,O73>7500),N73/1.18,N73))) -> 0.12332141 | R73: =IF(OR(N73="",O73=""),"",((O73-N73)/1.18)/N73) -> 0.10450967 | S73: =IF(OR(P73="",O73=""),"",(P73-O73)/O73) | T73: =IF(AND(D73="",G73<>""),"no dates - assumed 1 night",IF(Q73="","",IF(Q73>1.5,"check: markup >150%",IF(Q73<0,"below cost",""))))
A74: Goa | B74: - Taj Holiday Village Resort & Spa, Goa | C74: mid-Feb | D74: 2027-02-11 | E74: 2027-02-14 | F74: =IF(OR(D74="",E74=""),1,MAX(1,DATEVALUE(E74)-DATEVALUE(D74))) -> 3 | G74: 163202 | H74: 139712 | N74: =IF(G74="","",G74/F74) -> 54400.667 | O74: =IF(COUNT(H74:K74)=0,"",MIN(H74:K74)/F74) -> 46570.667 | P74: =IF(L74="","",L74*95/F74) | Q74: =IF(OR(N74="",O74=""),"",(IF(AND(N74>7500,O74>7500),O74/(1+IF(O74<=1000,0,IF(O74<=7500,0.05,0.18)))-IF(AND(N74>7500,O74>7500),N74/1.18,N74),(O74-IF(AND(N74>7500,O74>7500),N74/1.18,N74))/(1+IF(O74<=1000,0,IF(O74<=7500,0.05,0.18)))))/(IF(AND(N74>7500,O74>7500),N74/1.18,N74))) -> -0.14393206 | R74: =IF(OR(N74="",O74=""),"",((O74-N74)/1.18)/N74) -> -0.12197632 | S74: =IF(OR(P74="",O74=""),"",(P74-O74)/O74) | T74: =IF(AND(D74="",G74<>""),"no dates - assumed 1 night",IF(Q74="","",IF(Q74>1.5,"check: markup >150%",IF(Q74<0,"below cost","")))) -> below cost
A75: Goa | B75: - The Fern Habitat, Candolim, Goa, Series by Marriott | C75: ~30d · mid-Aug | D75: 2026-08-28 | E75: 2026-08-31 | F75: =IF(OR(D75="",E75=""),1,MAX(1,DATEVALUE(E75)-DATEVALUE(D75))) -> 3 | H75: 12600 | L75: 132.06 | M75: 0.12 | N75: =IF(G75="","",G75/F75) | O75: =IF(COUNT(H75:K75)=0,"",MIN(H75:K75)/F75) -> 4200 | P75: =IF(L75="","",L75*95/F75) -> 4181.9 | Q75: =IF(OR(N75="",O75=""),"",(IF(AND(N75>7500,O75>7500),O75/(1+IF(O75<=1000,0,IF(O75<=7500,0.05,0.18)))-IF(AND(N75>7500,O75>7500),N75/1.18,N75),(O75-IF(AND(N75>7500,O75>7500),N75/1.18,N75))/(1+IF(O75<=1000,0,IF(O75<=7500,0.05,0.18)))))/(IF(AND(N75>7500,O75>7500),N75/1.18,N75))) | R75: =IF(OR(N75="",O75=""),"",((O75-N75)/1.18)/N75) | S75: =IF(OR(P75="",O75=""),"",(P75-O75)/O75) -> -0.0043095238 | T75: =IF(AND(D75="",G75<>""),"no dates - assumed 1 night",IF(Q75="","",IF(Q75>1.5,"check: markup >150%",IF(Q75<0,"below cost",""))))
A76: Goa | B76: - The Fern Habitat, Candolim, Goa, Series by Marriott | C76: mid-Oct · Diwali | D76: 2026-11-12 | E76: 2026-11-15 | F76: =IF(OR(D76="",E76=""),1,MAX(1,DATEVALUE(E76)-DATEVALUE(D76))) -> 3 | H76: 18443 | L76: 183.42 | M76: 0.12 | N76: =IF(G76="","",G76/F76) | O76: =IF(COUNT(H76:K76)=0,"",MIN(H76:K76)/F76) -> 6147.6667 | P76: =IF(L76="","",L76*95/F76) -> 5808.3 | Q76: =IF(OR(N76="",O76=""),"",(IF(AND(N76>7500,O76>7500),O76/(1+IF(O76<=1000,0,IF(O76<=7500,0.05,0.18)))-IF(AND(N76>7500,O76>7500),N76/1.18,N76),(O76-IF(AND(N76>7500,O76>7500),N76/1.18,N76))/(1+IF(O76<=1000,0,IF(O76<=7500,0.05,0.18)))))/(IF(AND(N76>7500,O76>7500),N76/1.18,N76))) | R76: =IF(OR(N76="",O76=""),"",((O76-N76)/1.18)/N76) | S76: =IF(OR(P76="",O76=""),"",(P76-O76)/O76) -> -0.055202516 | T76: =IF(AND(D76="",G76<>""),"no dates - assumed 1 night",IF(Q76="","",IF(Q76>1.5,"check: markup >150%",IF(Q76<0,"below cost",""))))
A77: Goa | B77: - The Fern Habitat, Candolim, Goa, Series by Marriott | C77: 27–30 Dec | D77: 2026-12-29 | E77: 2027-01-01 | F77: =IF(OR(D77="",E77=""),1,MAX(1,DATEVALUE(E77)-DATEVALUE(D77))) -> 3 | H77: 41418 | L77: 434.16 | M77: 0.12 | N77: =IF(G77="","",G77/F77) | O77: =IF(COUNT(H77:K77)=0,"",MIN(H77:K77)/F77) -> 13806 | P77: =IF(L77="","",L77*95/F77) -> 13748.4 | Q77: =IF(OR(N77="",O77=""),"",(IF(AND(N77>7500,O77>7500),O77/(1+IF(O77<=1000,0,IF(O77<=7500,0.05,0.18)))-IF(AND(N77>7500,O77>7500),N77/1.18,N77),(O77-IF(AND(N77>7500,O77>7500),N77/1.18,N77))/(1+IF(O77<=1000,0,IF(O77<=7500,0.05,0.18)))))/(IF(AND(N77>7500,O77>7500),N77/1.18,N77))) | R77: =IF(OR(N77="",O77=""),"",((O77-N77)/1.18)/N77) | S77: =IF(OR(P77="",O77=""),"",(P77-O77)/O77) -> -0.0041720991 | T77: =IF(AND(D77="",G77<>""),"no dates - assumed 1 night",IF(Q77="","",IF(Q77>1.5,"check: markup >150%",IF(Q77<0,"below cost",""))))
A78: Goa | B78: - The Fern Habitat, Candolim, Goa, Series by Marriott | C78: mid-Feb | D78: 2027-02-11 | E78: 2027-02-14 | F78: =IF(OR(D78="",E78=""),1,MAX(1,DATEVALUE(E78)-DATEVALUE(D78))) -> 3 | H78: 19845 | L78: 198.15 | M78: 0.12 | N78: =IF(G78="","",G78/F78) | O78: =IF(COUNT(H78:K78)=0,"",MIN(H78:K78)/F78) -> 6615 | P78: =IF(L78="","",L78*95/F78) -> 6274.75 | Q78: =IF(OR(N78="",O78=""),"",(IF(AND(N78>7500,O78>7500),O78/(1+IF(O78<=1000,0,IF(O78<=7500,0.05,0.18)))-IF(AND(N78>7500,O78>7500),N78/1.18,N78),(O78-IF(AND(N78>7500,O78>7500),N78/1.18,N78))/(1+IF(O78<=1000,0,IF(O78<=7500,0.05,0.18)))))/(IF(AND(N78>7500,O78>7500),N78/1.18,N78))) | R78: =IF(OR(N78="",O78=""),"",((O78-N78)/1.18)/N78) | S78: =IF(OR(P78="",O78=""),"",(P78-O78)/O78) -> -0.05143613 | T78: =IF(AND(D78="",G78<>""),"no dates - assumed 1 night",IF(Q78="","",IF(Q78>1.5,"check: markup >150%",IF(Q78<0,"below cost",""))))
A79: Goa | B79: - The Zuri White Sands Goa Resort and Casino | C79: ~30d · mid-Aug | D79: 2026-08-28 | E79: 2026-08-31 | F79: =IF(OR(D79="",E79=""),1,MAX(1,DATEVALUE(E79)-DATEVALUE(D79))) -> 3 | G79: 35264 | H79: 202706 | N79: =IF(G79="","",G79/F79) -> 11754.667 | O79: =IF(COUNT(H79:K79)=0,"",MIN(H79:K79)/F79) -> 67568.667 | P79: =IF(L79="","",L79*95/F79) | Q79: =IF(OR(N79="",O79=""),"",(IF(AND(N79>7500,O79>7500),O79/(1+IF(O79<=1000,0,IF(O79<=7500,0.05,0.18)))-IF(AND(N79>7500,O79>7500),N79/1.18,N79),(O79-IF(AND(N79>7500,O79>7500),N79/1.18,N79))/(1+IF(O79<=1000,0,IF(O79<=7500,0.05,0.18)))))/(IF(AND(N79>7500,O79>7500),N79/1.18,N79))) -> 4.7482418 | R79: =IF(OR(N79="",O79=""),"",((O79-N79)/1.18)/N79) -> 4.0239338 | S79: =IF(OR(P79="",O79=""),"",(P79-O79)/O79) | T79: =IF(AND(D79="",G79<>""),"no dates - assumed 1 night",IF(Q79="","",IF(Q79>1.5,"check: markup >150%",IF(Q79<0,"below cost","")))) -> check: markup >150%
A80: Goa | B80: - The Zuri White Sands Goa Resort and Casino | C80: 27–30 Dec | D80: 2026-12-29 | E80: 2027-01-01 | F80: =IF(OR(D80="",E80=""),1,MAX(1,DATEVALUE(E80)-DATEVALUE(D80))) -> 3 | G80: 73568 | H80: 162260 | N80: =IF(G80="","",G80/F80) -> 24522.667 | O80: =IF(COUNT(H80:K80)=0,"",MIN(H80:K80)/F80) -> 54086.667 | P80: =IF(L80="","",L80*95/F80) | Q80: =IF(OR(N80="",O80=""),"",(IF(AND(N80>7500,O80>7500),O80/(1+IF(O80<=1000,0,IF(O80<=7500,0.05,0.18)))-IF(AND(N80>7500,O80>7500),N80/1.18,N80),(O80-IF(AND(N80>7500,O80>7500),N80/1.18,N80))/(1+IF(O80<=1000,0,IF(O80<=7500,0.05,0.18)))))/(IF(AND(N80>7500,O80>7500),N80/1.18,N80))) -> 1.2055785 | R80: =IF(OR(N80="",O80=""),"",((O80-N80)/1.18)/N80) -> 1.0216767 | S80: =IF(OR(P80="",O80=""),"",(P80-O80)/O80) | T80: =IF(AND(D80="",G80<>""),"no dates - assumed 1 night",IF(Q80="","",IF(Q80>1.5,"check: markup >150%",IF(Q80<0,"below cost",""))))
A81: Goa | B81: - The Zuri White Sands Goa Resort and Casino | C81: mid-Feb | D81: 2027-02-11 | E81: 2027-02-14 | F81: =IF(OR(D81="",E81=""),1,MAX(1,DATEVALUE(E81)-DATEVALUE(D81))) -> 3 | G81: 67261 | H81: 100784 | N81: =IF(G81="","",G81/F81) -> 22420.333 | O81: =IF(COUNT(H81:K81)=0,"",MIN(H81:K81)/F81) -> 33594.667 | P81: =IF(L81="","",L81*95/F81) | Q81: =IF(OR(N81="",O81=""),"",(IF(AND(N81>7500,O81>7500),O81/(1+IF(O81<=1000,0,IF(O81<=7500,0.05,0.18)))-IF(AND(N81>7500,O81>7500),N81/1.18,N81),(O81-IF(AND(N81>7500,O81>7500),N81/1.18,N81))/(1+IF(O81<=1000,0,IF(O81<=7500,0.05,0.18)))))/(IF(AND(N81>7500,O81>7500),N81/1.18,N81))) -> 0.49840175 | R81: =IF(OR(N81="",O81=""),"",((O81-N81)/1.18)/N81) -> 0.42237436 | S81: =IF(OR(P81="",O81=""),"",(P81-O81)/O81) | T81: =IF(AND(D81="",G81<>""),"no dates - assumed 1 night",IF(Q81="","",IF(Q81>1.5,"check: markup >150%",IF(Q81<0,"below cost",""))))
A82: Goa | B82: - Vivanta Goa, Panaji | C82: ~7d · mid-Jul | D82: 2026-08-13 | E82: 2026-08-16 | F82: =IF(OR(D82="",E82=""),1,MAX(1,DATEVALUE(E82)-DATEVALUE(D82))) -> 3 | G82: 42201 | H82: 55932 | L82: 530.67 | M82: 0.13 | N82: =IF(G82="","",G82/F82) -> 14067 | O82: =IF(COUNT(H82:K82)=0,"",MIN(H82:K82)/F82) -> 18644 | P82: =IF(L82="","",L82*95/F82) -> 16804.55 | Q82: =IF(OR(N82="",O82=""),"",(IF(AND(N82>7500,O82>7500),O82/(1+IF(O82<=1000,0,IF(O82<=7500,0.05,0.18)))-IF(AND(N82>7500,O82>7500),N82/1.18,N82),(O82-IF(AND(N82>7500,O82>7500),N82/1.18,N82))/(1+IF(O82<=1000,0,IF(O82<=7500,0.05,0.18)))))/(IF(AND(N82>7500,O82>7500),N82/1.18,N82))) -> 0.32537144 | R82: =IF(OR(N82="",O82=""),"",((O82-N82)/1.18)/N82) -> 0.27573851 | S82: =IF(OR(P82="",O82=""),"",(P82-O82)/O82) -> -0.098661768 | T82: =IF(AND(D82="",G82<>""),"no dates - assumed 1 night",IF(Q82="","",IF(Q82>1.5,"check: markup >150%",IF(Q82<0,"below cost",""))))
A83: Goa | B83: - Vivanta Goa, Panaji | C83: ~30d · mid-Aug | D83: 2026-08-28 | E83: 2026-08-31 | F83: =IF(OR(D83="",E83=""),1,MAX(1,DATEVALUE(E83)-DATEVALUE(D83))) -> 3 | G83: 38286 | H83: 47082 | L83: 437.9 | M83: 0.12 | N83: =IF(G83="","",G83/F83) -> 12762 | O83: =IF(COUNT(H83:K83)=0,"",MIN(H83:K83)/F83) -> 15694 | P83: =IF(L83="","",L83*95/F83) -> 13866.833 | Q83: =IF(OR(N83="",O83=""),"",(IF(AND(N83>7500,O83>7500),O83/(1+IF(O83<=1000,0,IF(O83<=7500,0.05,0.18)))-IF(AND(N83>7500,O83>7500),N83/1.18,N83),(O83-IF(AND(N83>7500,O83>7500),N83/1.18,N83))/(1+IF(O83<=1000,0,IF(O83<=7500,0.05,0.18)))))/(IF(AND(N83>7500,O83>7500),N83/1.18,N83))) -> 0.22974455 | R83: =IF(OR(N83="",O83=""),"",((O83-N83)/1.18)/N83) -> 0.19469877 | S83: =IF(OR(P83="",O83=""),"",(P83-O83)/O83) -> -0.11642454 | T83: =IF(AND(D83="",G83<>""),"no dates - assumed 1 night",IF(Q83="","",IF(Q83>1.5,"check: markup >150%",IF(Q83<0,"below cost",""))))
A84: Goa | B84: - Vivanta Goa, Panaji | C84: mid-Oct · Diwali | D84: 2026-11-12 | E84: 2026-11-15 | F84: =IF(OR(D84="",E84=""),1,MAX(1,DATEVALUE(E84)-DATEVALUE(D84))) -> 3 | G84: 75003 | H84: 89562 | L84: 883.22 | M84: 0.12 | N84: =IF(G84="","",G84/F84) -> 25001 | O84: =IF(COUNT(H84:K84)=0,"",MIN(H84:K84)/F84) -> 29854 | P84: =IF(L84="","",L84*95/F84) -> 27968.633 | Q84: =IF(OR(N84="",O84=""),"",(IF(AND(N84>7500,O84>7500),O84/(1+IF(O84<=1000,0,IF(O84<=7500,0.05,0.18)))-IF(AND(N84>7500,O84>7500),N84/1.18,N84),(O84-IF(AND(N84>7500,O84>7500),N84/1.18,N84))/(1+IF(O84<=1000,0,IF(O84<=7500,0.05,0.18)))))/(IF(AND(N84>7500,O84>7500),N84/1.18,N84))) -> 0.19411224 | R84: =IF(OR(N84="",O84=""),"",((O84-N84)/1.18)/N84) -> 0.16450189 | S84: =IF(OR(P84="",O84=""),"",(P84-O84)/O84) -> -0.0631529 | T84: =IF(AND(D84="",G84<>""),"no dates - assumed 1 night",IF(Q84="","",IF(Q84>1.5,"check: markup >150%",IF(Q84<0,"below cost",""))))
A85: Goa | B85: - Vivanta Goa, Panaji | C85: 27–30 Dec | D85: 2026-12-29 | E85: 2027-01-01 | F85: =IF(OR(D85="",E85=""),1,MAX(1,DATEVALUE(E85)-DATEVALUE(D85))) -> 3 | G85: 63163 | H85: 75402 | L85: 833.72 | M85: 0.12 | N85: =IF(G85="","",G85/F85) -> 21054.333 | O85: =IF(COUNT(H85:K85)=0,"",MIN(H85:K85)/F85) -> 25134 | P85: =IF(L85="","",L85*95/F85) -> 26401.133 | Q85: =IF(OR(N85="",O85=""),"",(IF(AND(N85>7500,O85>7500),O85/(1+IF(O85<=1000,0,IF(O85<=7500,0.05,0.18)))-IF(AND(N85>7500,O85>7500),N85/1.18,N85),(O85-IF(AND(N85>7500,O85>7500),N85/1.18,N85))/(1+IF(O85<=1000,0,IF(O85<=7500,0.05,0.18)))))/(IF(AND(N85>7500,O85>7500),N85/1.18,N85))) -> 0.1937685 | R85: =IF(OR(N85="",O85=""),"",((O85-N85)/1.18)/N85) -> 0.1642106 | S85: =IF(OR(P85="",O85=""),"",(P85-O85)/O85) -> 0.050415108 | T85: =IF(AND(D85="",G85<>""),"no dates - assumed 1 night",IF(Q85="","",IF(Q85>1.5,"check: markup >150%",IF(Q85<0,"below cost",""))))
A86: Goa | B86: - Vivanta Goa, Panaji | C86: mid-Feb | D86: 2027-02-11 | E86: 2027-02-14 | F86: =IF(OR(D86="",E86=""),1,MAX(1,DATEVALUE(E86)-DATEVALUE(D86))) -> 3 | G86: 49845 | H86: 61301 | L86: 690.86 | M86: 0.12 | N86: =IF(G86="","",G86/F86) -> 16615 | O86: =IF(COUNT(H86:K86)=0,"",MIN(H86:K86)/F86) -> 20433.667 | P86: =IF(L86="","",L86*95/F86) -> 21877.233 | Q86: =IF(OR(N86="",O86=""),"",(IF(AND(N86>7500,O86>7500),O86/(1+IF(O86<=1000,0,IF(O86<=7500,0.05,0.18)))-IF(AND(N86>7500,O86>7500),N86/1.18,N86),(O86-IF(AND(N86>7500,O86>7500),N86/1.18,N86))/(1+IF(O86<=1000,0,IF(O86<=7500,0.05,0.18)))))/(IF(AND(N86>7500,O86>7500),N86/1.18,N86))) -> 0.22983248 | R86: =IF(OR(N86="",O86=""),"",((O86-N86)/1.18)/N86) -> 0.19477329 | S86: =IF(OR(P86="",O86=""),"",(P86-O86)/O86) -> 0.070646482 | T86: =IF(AND(D86="",G86<>""),"no dates - assumed 1 night",IF(Q86="","",IF(Q86>1.5,"check: markup >150%",IF(Q86<0,"below cost",""))))
A87: Goa | B87: - ibis Styles Goa Vagator - An Accor Brand | C87: ~7d · mid-Jul | D87: 2026-08-13 | E87: 2026-08-16 | F87: =IF(OR(D87="",E87=""),1,MAX(1,DATEVALUE(E87)-DATEVALUE(D87))) -> 3 | G87: 12167 | H87: 15250 | L87: 147.89 | M87: 0.14 | N87: =IF(G87="","",G87/F87) -> 4055.6667 | O87: =IF(COUNT(H87:K87)=0,"",MIN(H87:K87)/F87) -> 5083.3333 | P87: =IF(L87="","",L87*95/F87) -> 4683.1833 | Q87: =IF(OR(N87="",O87=""),"",(IF(AND(N87>7500,O87>7500),O87/(1+IF(O87<=1000,0,IF(O87<=7500,0.05,0.18)))-IF(AND(N87>7500,O87>7500),N87/1.18,N87),(O87-IF(AND(N87>7500,O87>7500),N87/1.18,N87))/(1+IF(O87<=1000,0,IF(O87<=7500,0.05,0.18)))))/(IF(AND(N87>7500,O87>7500),N87/1.18,N87))) -> 0.24132411 | R87: =IF(OR(N87="",O87=""),"",((O87-N87)/1.18)/N87) -> 0.21473756 | S87: =IF(OR(P87="",O87=""),"",(P87-O87)/O87) -> -0.078718033 | T87: =IF(AND(D87="",G87<>""),"no dates - assumed 1 night",IF(Q87="","",IF(Q87>1.5,"check: markup >150%",IF(Q87<0,"below cost",""))))
A88: Goa | B88: - ibis Styles Goa Vagator - An Accor Brand | C88: ~30d · mid-Aug | D88: 2026-08-28 | E88: 2026-08-31 | F88: =IF(OR(D88="",E88=""),1,MAX(1,DATEVALUE(E88)-DATEVALUE(D88))) -> 3 | G88: 10670 | H88: 11539 | L88: 123.83 | M88: 0.15 | N88: =IF(G88="","",G88/F88) -> 3556.6667 | O88: =IF(COUNT(H88:K88)=0,"",MIN(H88:K88)/F88) -> 3846.3333 | P88: =IF(L88="","",L88*95/F88) -> 3921.2833 | Q88: =IF(OR(N88="",O88=""),"",(IF(AND(N88>7500,O88>7500),O88/(1+IF(O88<=1000,0,IF(O88<=7500,0.05,0.18)))-IF(AND(N88>7500,O88>7500),N88/1.18,N88),(O88-IF(AND(N88>7500,O88>7500),N88/1.18,N88))/(1+IF(O88<=1000,0,IF(O88<=7500,0.05,0.18)))))/(IF(AND(N88>7500,O88>7500),N88/1.18,N88))) -> 0.077565047 | R88: =IF(OR(N88="",O88=""),"",((O88-N88)/1.18)/N88) -> 0.069019745 | S88: =IF(OR(P88="",O88=""),"",(P88-O88)/O88) -> 0.019486091 | T88: =IF(AND(D88="",G88<>""),"no dates - assumed 1 night",IF(Q88="","",IF(Q88>1.5,"check: markup >150%",IF(Q88<0,"below cost",""))))
A89: Goa | B89: - ibis Styles Goa Vagator - An Accor Brand | C89: mid-Oct · Diwali | D89: 2026-11-12 | E89: 2026-11-15 | F89: =IF(OR(D89="",E89=""),1,MAX(1,DATEVALUE(E89)-DATEVALUE(D89))) -> 3 | G89: 16626 | H89: 19801 | L89: 189.93 | M89: 0.12 | N89: =IF(G89="","",G89/F89) -> 5542 | O89: =IF(COUNT(H89:K89)=0,"",MIN(H89:K89)/F89) -> 6600.3333 | P89: =IF(L89="","",L89*95/F89) -> 6014.45 | Q89: =IF(OR(N89="",O89=""),"",(IF(AND(N89>7500,O89>7500),O89/(1+IF(O89<=1000,0,IF(O89<=7500,0.05,0.18)))-IF(AND(N89>7500,O89>7500),N89/1.18,N89),(O89-IF(AND(N89>7500,O89>7500),N89/1.18,N89))/(1+IF(O89<=1000,0,IF(O89<=7500,0.05,0.18)))))/(IF(AND(N89>7500,O89>7500),N89/1.18,N89))) -> 0.18187234 | R89: =IF(OR(N89="",O89=""),"",((O89-N89)/1.18)/N89) -> 0.16183556 | S89: =IF(OR(P89="",O89=""),"",(P89-O89)/O89) -> -0.088765719 | T89: =IF(AND(D89="",G89<>""),"no dates - assumed 1 night",IF(Q89="","",IF(Q89>1.5,"check: markup >150%",IF(Q89<0,"below cost",""))))
A90: Goa | B90: - ibis Styles Goa Vagator - An Accor Brand | C90: 27–30 Dec | D90: 2026-12-29 | E90: 2027-01-01 | F90: =IF(OR(D90="",E90=""),1,MAX(1,DATEVALUE(E90)-DATEVALUE(D90))) -> 3 | G90: 27513 | H90: 33099 | L90: 323.63 | M90: 0.13 | N90: =IF(G90="","",G90/F90) -> 9171 | O90: =IF(COUNT(H90:K90)=0,"",MIN(H90:K90)/F90) -> 11033 | P90: =IF(L90="","",L90*95/F90) -> 10248.283 | Q90: =IF(OR(N90="",O90=""),"",(IF(AND(N90>7500,O90>7500),O90/(1+IF(O90<=1000,0,IF(O90<=7500,0.05,0.18)))-IF(AND(N90>7500,O90>7500),N90/1.18,N90),(O90-IF(AND(N90>7500,O90>7500),N90/1.18,N90))/(1+IF(O90<=1000,0,IF(O90<=7500,0.05,0.18)))))/(IF(AND(N90>7500,O90>7500),N90/1.18,N90))) -> 0.20303129 | R90: =IF(OR(N90="",O90=""),"",((O90-N90)/1.18)/N90) -> 0.17206042 | S90: =IF(OR(P90="",O90=""),"",(P90-O90)/O90) -> -0.071124505 | T90: =IF(AND(D90="",G90<>""),"no dates - assumed 1 night",IF(Q90="","",IF(Q90>1.5,"check: markup >150%",IF(Q90<0,"below cost",""))))
A91: Goa | B91: - ibis Styles Goa Vagator - An Accor Brand | C91: mid-Feb | D91: 2027-02-11 | E91: 2027-02-14 | F91: =IF(OR(D91="",E91=""),1,MAX(1,DATEVALUE(E91)-DATEVALUE(D91))) -> 3 | G91: 19586 | H91: 21420 | L91: 224.52 | M91: 0.12 | N91: =IF(G91="","",G91/F91) -> 6528.6667 | O91: =IF(COUNT(H91:K91)=0,"",MIN(H91:K91)/F91) -> 7140 | P91: =IF(L91="","",L91*95/F91) -> 7109.8 | Q91: =IF(OR(N91="",O91=""),"",(IF(AND(N91>7500,O91>7500),O91/(1+IF(O91<=1000,0,IF(O91<=7500,0.05,0.18)))-IF(AND(N91>7500,O91>7500),N91/1.18,N91),(O91-IF(AND(N91>7500,O91>7500),N91/1.18,N91))/(1+IF(O91<=1000,0,IF(O91<=7500,0.05,0.18)))))/(IF(AND(N91>7500,O91>7500),N91/1.18,N91))) -> 0.089179346 | R91: =IF(OR(N91="",O91=""),"",((O91-N91)/1.18)/N91) -> 0.079354503 | S91: =IF(OR(P91="",O91=""),"",(P91-O91)/O91) -> -0.0042296919 | T91: =IF(AND(D91="",G91<>""),"no dates - assumed 1 night",IF(Q91="","",IF(Q91>1.5,"check: markup >150%",IF(Q91<0,"below cost",""))))
A92: Goa | B92: - ibis Styles Goa Vagator - An Accor Brand | C92: ~7d · mid-Jul | D92: 2026-08-13 | E92: 2026-08-16 | F92: =IF(OR(D92="",E92=""),1,MAX(1,DATEVALUE(E92)-DATEVALUE(D92))) -> 3 | G92: 12167 | H92: 13834 | L92: 147.89 | M92: 0.14 | N92: =IF(G92="","",G92/F92) -> 4055.6667 | O92: =IF(COUNT(H92:K92)=0,"",MIN(H92:K92)/F92) -> 4611.3333 | P92: =IF(L92="","",L92*95/F92) -> 4683.1833 | Q92: =IF(OR(N92="",O92=""),"",(IF(AND(N92>7500,O92>7500),O92/(1+IF(O92<=1000,0,IF(O92<=7500,0.05,0.18)))-IF(AND(N92>7500,O92>7500),N92/1.18,N92),(O92-IF(AND(N92>7500,O92>7500),N92/1.18,N92))/(1+IF(O92<=1000,0,IF(O92<=7500,0.05,0.18)))))/(IF(AND(N92>7500,O92>7500),N92/1.18,N92))) -> 0.13048566 | R92: =IF(OR(N92="",O92=""),"",((O92-N92)/1.18)/N92) -> 0.11611012 | S92: =IF(OR(P92="",O92=""),"",(P92-O92)/O92) -> 0.015581177 | T92: =IF(AND(D92="",G92<>""),"no dates - assumed 1 night",IF(Q92="","",IF(Q92>1.5,"check: markup >150%",IF(Q92<0,"below cost",""))))
A93: Goa | B93: - ibis Styles Goa Vagator - An Accor Brand | C93: ~30d · mid-Aug | D93: 2026-08-28 | E93: 2026-08-31 | F93: =IF(OR(D93="",E93=""),1,MAX(1,DATEVALUE(E93)-DATEVALUE(D93))) -> 3 | G93: 10083 | H93: 11513 | L93: 123.83 | M93: 0.15 | N93: =IF(G93="","",G93/F93) -> 3361 | O93: =IF(COUNT(H93:K93)=0,"",MIN(H93:K93)/F93) -> 3837.6667 | P93: =IF(L93="","",L93*95/F93) -> 3921.2833 | Q93: =IF(OR(N93="",O93=""),"",(IF(AND(N93>7500,O93>7500),O93/(1+IF(O93<=1000,0,IF(O93<=7500,0.05,0.18)))-IF(AND(N93>7500,O93>7500),N93/1.18,N93),(O93-IF(AND(N93>7500,O93>7500),N93/1.18,N93))/(1+IF(O93<=1000,0,IF(O93<=7500,0.05,0.18)))))/(IF(AND(N93>7500,O93>7500),N93/1.18,N93))) -> 0.1350694 | R93: =IF(OR(N93="",O93=""),"",((O93-N93)/1.18)/N93) -> 0.12018887 | S93: =IF(OR(P93="",O93=""),"",(P93-O93)/O93) -> 0.021788413 | T93: =IF(AND(D93="",G93<>""),"no dates - assumed 1 night",IF(Q93="","",IF(Q93>1.5,"check: markup >150%",IF(Q93<0,"below cost",""))))
... A96: Goa | B96: - ibis Styles Goa Vagator - An Accor Brand | C96: mid-Feb | D96: 2027-02-11 | E96: 2027-02-14 | F96: =IF(OR(D96="",E96=""),1,MAX(1,DATEVALUE(E96)-DATEVALUE(D96))) -> 3 | G96: 19586 | H96: 21420 | L96: 224.52 | M96: 0.12 | N96: =IF(G96="","",G96/F96) -> 6528.6667 | O96: =IF(COUNT(H96:K96)=0,"",MIN(H96:K96)/F96) -> 7140 | P96: =IF(L96="","",L96*95/F96) -> 7109.8 | Q96: =IF(OR(N96="",O96=""),"",(IF(AND(N96>7500,O96>7500),O96/(1+IF(O96<=1000,0,IF(O96<=7500,0.05,0.18)))-IF(AND(N96>7500,O96>7500),N96/1.18,N96),(O96-IF(AND(N96>7500,O96>7500),N96/1.18,N96))/(1+IF(O96<=1000,0,IF(O96<=7500,0.05,0.18)))))/(IF(AND(N96>7500,O96>7500),N96/1.18,N96))) -> 0.089179346 | R96: =IF(OR(N96="",O96=""),"",((O96-N96)/1.18)/N96) -> 0.079354503 | S96: =IF(OR(P96="",O96=""),"",(P96-O96)/O96) -> -0.0042296919 | T96: =IF(AND(D96="",G96<>""),"no dates - assumed 1 night",IF(Q96="","",IF(Q96>1.5,"check: markup >150%",IF(Q96<0,"below cost",""))))
A97: Goa | B97: Ginger Goa, Candolim | C97: ~7d · mid-Jul | D97: 2026-08-13 | E97: 2026-08-16 | F97: =IF(OR(D97="",E97=""),1,MAX(1,DATEVALUE(E97)-DATEVALUE(D97))) -> 3 | G97: 10497 | H97: 11944 | N97: =IF(G97="","",G97/F97) -> 3499 | O97: =IF(COUNT(H97:K97)=0,"",MIN(H97:K97)/F97) -> 3981.3333 | P97: =IF(L97="","",L97*95/F97) | Q97: =IF(OR(N97="",O97=""),"",(IF(AND(N97>7500,O97>7500),O97/(1+IF(O97<=1000,0,IF(O97<=7500,0.05,0.18)))-IF(AND(N97>7500,O97>7500),N97/1.18,N97),(O97-IF(AND(N97>7500,O97>7500),N97/1.18,N97))/(1+IF(O97<=1000,0,IF(O97<=7500,0.05,0.18)))))/(IF(AND(N97>7500,O97>7500),N97/1.18,N97))) -> 0.13128468 | R97: =IF(OR(N97="",O97=""),"",((O97-N97)/1.18)/N97) -> 0.11682111 | S97: =IF(OR(P97="",O97=""),"",(P97-O97)/O97) | T97: =IF(AND(D97="",G97<>""),"no dates - assumed 1 night",IF(Q97="","",IF(Q97>1.5,"check: markup >150%",IF(Q97<0,"below cost",""))))
A98: Goa | B98: Ginger Goa, Candolim | C98: ~30d · mid-Aug | D98: 2026-08-28 | E98: 2026-08-31 | F98: =IF(OR(D98="",E98=""),1,MAX(1,DATEVALUE(E98)-DATEVALUE(D98))) -> 3 | G98: 9702 | H98: 11388 | N98: =IF(G98="","",G98/F98) -> 3234 | O98: =IF(COUNT(H98:K98)=0,"",MIN(H98:K98)/F98) -> 3796 | P98: =IF(L98="","",L98*95/F98) | Q98: =IF(OR(N98="",O98=""),"",(IF(AND(N98>7500,O98>7500),O98/(1+IF(O98<=1000,0,IF(O98<=7500,0.05,0.18)))-IF(AND(N98>7500,O98>7500),N98/1.18,N98),(O98-IF(AND(N98>7500,O98>7500),N98/1.18,N98))/(1+IF(O98<=1000,0,IF(O98<=7500,0.05,0.18)))))/(IF(AND(N98>7500,O98>7500),N98/1.18,N98))) -> 0.16550343 | R98: =IF(OR(N98="",O98=""),"",((O98-N98)/1.18)/N98) -> 0.14727 | S98: =IF(OR(P98="",O98=""),"",(P98-O98)/O98) | T98: =IF(AND(D98="",G98<>""),"no dates - assumed 1 night",IF(Q98="","",IF(Q98>1.5,"check: markup >150%",IF(Q98<0,"below cost",""))))
A99: Goa | B99: Ginger Goa, Candolim | C99: mid-Oct · Diwali | D99: 2026-11-12 | E99: 2026-11-15 | F99: =IF(OR(D99="",E99=""),1,MAX(1,DATEVALUE(E99)-DATEVALUE(D99))) -> 3 | G99: 17277 | H99: 20279 | N99: =IF(G99="","",G99/F99) -> 5759 | O99: =IF(COUNT(H99:K99)=0,"",MIN(H99:K99)/F99) -> 6759.6667 | P99: =IF(L99="","",L99*95/F99) | Q99: =IF(OR(N99="",O99=""),"",(IF(AND(N99>7500,O99>7500),O99/(1+IF(O99<=1000,0,IF(O99<=7500,0.05,0.18)))-IF(AND(N99>7500,O99>7500),N99/1.18,N99),(O99-IF(AND(N99>7500,O99>7500),N99/1.18,N99))/(1+IF(O99<=1000,0,IF(O99<=7500,0.05,0.18)))))/(IF(AND(N99>7500,O99>7500),N99/1.18,N99))) -> 0.16548287 | R99: =IF(OR(N99="",O99=""),"",((O99-N99)/1.18)/N99) -> 0.14725171 | S99: =IF(OR(P99="",O99=""),"",(P99-O99)/O99) | T99: =IF(AND(D99="",G99<>""),"no dates - assumed 1 night",IF(Q99="","",IF(Q99>1.5,"check: markup >150%",IF(Q99<0,"below cost",""))))
A100: Goa | B100: Ginger Goa, Candolim | C100: 27–30 Dec | D100: 2026-12-29 | E100: 2027-01-01 | F100: =IF(OR(D100="",E100=""),1,MAX(1,DATEVALUE(E100)-DATEVALUE(D100))) -> 3 | G100: 21538 | H100: 28410 | N100: =IF(G100="","",G100/F100) -> 7179.3333 | O100: =IF(COUNT(H100:K100)=0,"",MIN(H100:K100)/F100) -> 9470 | P100: =IF(L100="","",L100*95/F100) | Q100: =IF(OR(N100="",O100=""),"",(IF(AND(N100>7500,O100>7500),O100/(1+IF(O100<=1000,0,IF(O100<=7500,0.05,0.18)))-IF(AND(N100>7500,O100>7500),N100/1.18,N100),(O100-IF(AND(N100>7500,O100>7500),N100/1.18,N100))/(1+IF(O100<=1000,0,IF(O100<=7500,0.05,0.18)))))/(IF(AND(N100>7500,O100>7500),N100/1.18,N100))) -> 0.2703932 | R100: =IF(OR(N100="",O100=""),"",((O100-N100)/1.18)/N100) -> 0.2703932 | S100: =IF(OR(P100="",O100=""),"",(P100-O100)/O100) | T100: =IF(AND(D100="",G100<>""),"no dates - assumed 1 night",IF(Q100="","",IF(Q100>1.5,"check: markup >150%",IF(Q100<0,"below cost",""))))
A101: Goa | B101: Ginger Goa, Candolim | C101: mid-Feb | D101: 2027-02-11 | E101: 2027-02-14 | F101: =IF(OR(D101="",E101=""),1,MAX(1,DATEVALUE(E101)-DATEVALUE(D101))) -> 3 | G101: 14436 | H101: 16945 | N101: =IF(G101="","",G101/F101) -> 4812 | O101: =IF(COUNT(H101:K101)=0,"",MIN(H101:K101)/F101) -> 5648.3333 | P101: =IF(L101="","",L101*95/F101) | Q101: =IF(OR(N101="",O101=""),"",(IF(AND(N101>7500,O101>7500),O101/(1+IF(O101<=1000,0,IF(O101<=7500,0.05,0.18)))-IF(AND(N101>7500,O101>7500),N101/1.18,N101),(O101-IF(AND(N101>7500,O101>7500),N101/1.18,N101))/(1+IF(O101<=1000,0,IF(O101<=7500,0.05,0.18)))))/(IF(AND(N101>7500,O101>7500),N101/1.18,N101))) -> 0.16552534 | R101: =IF(OR(N101="",O101=""),"",((O101-N101)/1.18)/N101) -> 0.1472895 | S101: =IF(OR(P101="",O101=""),"",(P101-O101)/O101) | T101: =IF(AND(D101="",G101<>""),"no dates - assumed 1 night",IF(Q101="","",IF(Q101>1.5,"check: markup >150%",IF(Q101<0,"below cost",""))))
A102: Goa | B102: Hyatt Centric Goa | C102: ~7d · mid-Jul | D102: 2026-08-13 | E102: 2026-08-16 | F102: =IF(OR(D102="",E102=""),1,MAX(1,DATEVALUE(E102)-DATEVALUE(D102))) -> 3 | H102: 39613 | N102: =IF(G102="","",G102/F102) | O102: =IF(COUNT(H102:K102)=0,"",MIN(H102:K102)/F102) -> 13204.333 | P102: =IF(L102="","",L102*95/F102) | Q102: =IF(OR(N102="",O102=""),"",(IF(AND(N102>7500,O102>7500),O102/(1+IF(O102<=1000,0,IF(O102<=7500,0.05,0.18)))-IF(AND(N102>7500,O102>7500),N102/1.18,N102),(O102-IF(AND(N102>7500,O102>7500),N102/1.18,N102))/(1+IF(O102<=1000,0,IF(O102<=7500,0.05,0.18)))))/(IF(AND(N102>7500,O102>7500),N102/1.18,N102))) | R102: =IF(OR(N102="",O102=""),"",((O102-N102)/1.18)/N102) | S102: =IF(OR(P102="",O102=""),"",(P102-O102)/O102) | T102: =IF(AND(D102="",G102<>""),"no dates - assumed 1 night",IF(Q102="","",IF(Q102>1.5,"check: markup >150%",IF(Q102<0,"below cost",""))))
A103: Goa | B103: Hyatt Centric Goa | C103: ~30d · mid-Aug | D103: 2026-08-28 | E103: 2026-08-31 | F103: =IF(OR(D103="",E103=""),1,MAX(1,DATEVALUE(E103)-DATEVALUE(D103))) -> 3 | H103: 36108 | N103: =IF(G103="","",G103/F103) | O103: =IF(COUNT(H103:K103)=0,"",MIN(H103:K103)/F103) -> 12036 | P103: =IF(L103="","",L103*95/F103) | Q103: =IF(OR(N103="",O103=""),"",(IF(AND(N103>7500,O103>7500),O103/(1+IF(O103<=1000,0,IF(O103<=7500,0.05,0.18)))-IF(AND(N103>7500,O103>7500),N103/1.18,N103),(O103-IF(AND(N103>7500,O103>7500),N103/1.18,N103))/(1+IF(O103<=1000,0,IF(O103<=7500,0.05,0.18)))))/(IF(AND(N103>7500,O103>7500),N103/1.18,N103))) | R103: =IF(OR(N103="",O103=""),"",((O103-N103)/1.18)/N103) | S103: =IF(OR(P103="",O103=""),"",(P103-O103)/O103) | T103: =IF(AND(D103="",G103<>""),"no dates - assumed 1 night",IF(Q103="","",IF(Q103>1.5,"check: markup >150%",IF(Q103<0,"below cost",""))))
A104: Goa | B104: Hyatt Centric Goa | C104: mid-Oct · Diwali | D104: 2026-11-12 | E104: 2026-11-15 | F104: =IF(OR(D104="",E104=""),1,MAX(1,DATEVALUE(E104)-DATEVALUE(D104))) -> 3 | H104: 78588 | N104: =IF(G104="","",G104/F104) | O104: =IF(COUNT(H104:K104)=0,"",MIN(H104:K104)/F104) -> 26196 | P104: =IF(L104="","",L104*95/F104) | Q104: =IF(OR(N104="",O104=""),"",(IF(AND(N104>7500,O104>7500),O104/(1+IF(O104<=1000,0,IF(O104<=7500,0.05,0.18)))-IF(AND(N104>7500,O104>7500),N104/1.18,N104),(O104-IF(AND(N104>7500,O104>7500),N104/1.18,N104))/(1+IF(O104<=1000,0,IF(O104<=7500,0.05,0.18)))))/(IF(AND(N104>7500,O104>7500),N104/1.18,N104))) | R104: =IF(OR(N104="",O104=""),"",((O104-N104)/1.18)/N104) | S104: =IF(OR(P104="",O104=""),"",(P104-O104)/O104) | T104: =IF(AND(D104="",G104<>""),"no dates - assumed 1 night",IF(Q104="","",IF(Q104>1.5,"check: markup >150%",IF(Q104<0,"below cost",""))))
A105: Goa | B105: Hyatt Centric Goa | C105: 27–30 Dec | D105: 2026-12-29 | E105: 2027-01-01 | F105: =IF(OR(D105="",E105=""),1,MAX(1,DATEVALUE(E105)-DATEVALUE(D105))) -> 3 | H105: 116820 | N105: =IF(G105="","",G105/F105) | O105: =IF(COUNT(H105:K105)=0,"",MIN(H105:K105)/F105) -> 38940 | P105: =IF(L105="","",L105*95/F105) | Q105: =IF(OR(N105="",O105=""),"",(IF(AND(N105>7500,O105>7500),O105/(1+IF(O105<=1000,0,IF(O105<=7500,0.05,0.18)))-IF(AND(N105>7500,O105>7500),N105/1.18,N105),(O105-IF(AND(N105>7500,O105>7500),N105/1.18,N105))/(1+IF(O105<=1000,0,IF(O105<=7500,0.05,0.18)))))/(IF(AND(N105>7500,O105>7500),N105/1.18,N105))) | R105: =IF(OR(N105="",O105=""),"",((O105-N105)/1.18)/N105) | S105: =IF(OR(P105="",O105=""),"",(P105-O105)/O105) | T105: =IF(AND(D105="",G105<>""),"no dates - assumed 1 night",IF(Q105="","",IF(Q105>1.5,"check: markup >150%",IF(Q105<0,"below cost",""))))
A106: Goa | B106: Hyatt Centric Goa | C106: mid-Feb | D106: 2027-02-11 | E106: 2027-02-14 | F106: =IF(OR(D106="",E106=""),1,MAX(1,DATEVALUE(E106)-DATEVALUE(D106))) -> 3 | H106: 97704 | N106: =IF(G106="","",G106/F106) | O106: =IF(COUNT(H106:K106)=0,"",MIN(H106:K106)/F106) -> 32568 | P106: =IF(L106="","",L106*95/F106) | Q106: =IF(OR(N106="",O106=""),"",(IF(AND(N106>7500,O106>7500),O106/(1+IF(O106<=1000,0,IF(O106<=7500,0.05,0.18)))-IF(AND(N106>7500,O106>7500),N106/1.18,N106),(O106-IF(AND(N106>7500,O106>7500),N106/1.18,N106))/(1+IF(O106<=1000,0,IF(O106<=7500,0.05,0.18)))))/(IF(AND(N106>7500,O106>7500),N106/1.18,N106))) | R106: =IF(OR(N106="",O106=""),"",((O106-N106)/1.18)/N106) | S106: =IF(OR(P106="",O106=""),"",(P106-O106)/O106) | T106: =IF(AND(D106="",G106<>""),"no dates - assumed 1 night",IF(Q106="","",IF(Q106>1.5,"check: markup >150%",IF(Q106<0,"below cost",""))))
A107: Goa | B107: Lemon Tree Hotel,Candolim | C107: ~7d · mid-Jul | D107: 2026-08-13 | E107: 2026-08-16 | F107: =IF(OR(D107="",E107=""),1,MAX(1,DATEVALUE(E107)-DATEVALUE(D107))) -> 3 | G107: 18673 | H107: 24754 | L107: 204.42 | M107: 0.12 | N107: =IF(G107="","",G107/F107) -> 6224.3333 | O107: =IF(COUNT(H107:K107)=0,"",MIN(H107:K107)/F107) -> 8251.3333 | P107: =IF(L107="","",L107*95/F107) -> 6473.3 | Q107: =IF(OR(N107="",O107=""),"",(IF(AND(N107>7500,O107>7500),O107/(1+IF(O107<=1000,0,IF(O107<=7500,0.05,0.18)))-IF(AND(N107>7500,O107>7500),N107/1.18,N107),(O107-IF(AND(N107>7500,O107>7500),N107/1.18,N107))/(1+IF(O107<=1000,0,IF(O107<=7500,0.05,0.18)))))/(IF(AND(N107>7500,O107>7500),N107/1.18,N107))) -> 0.27598082 | R107: =IF(OR(N107="",O107=""),"",((O107-N107)/1.18)/N107) -> 0.27598082 | S107: =IF(OR(P107="",O107=""),"",(P107-O107)/O107) -> -0.21548437 | T107: =IF(AND(D107="",G107<>""),"no dates - assumed 1 night",IF(Q107="","",IF(Q107>1.5,"check: markup >150%",IF(Q107<0,"below cost",""))))
A108: Goa | B108: Lemon Tree Hotel,Candolim | C108: ~30d · mid-Aug | D108: 2026-08-28 | E108: 2026-08-31 | F108: =IF(OR(D108="",E108=""),1,MAX(1,DATEVALUE(E108)-DATEVALUE(D108))) -> 3 | G108: 19031 | H108: 24754 | L108: 248.38 | M108: 0.18 | N108: =IF(G108="","",G108/F108) -> 6343.6667 | O108: =IF(COUNT(H108:K108)=0,"",MIN(H108:K108)/F108) -> 8251.3333 | P108: =IF(L108="","",L108*95/F108) -> 7865.3667 | Q108: =IF(OR(N108="",O108=""),"",(IF(AND(N108>7500,O108>7500),O108/(1+IF(O108<=1000,0,IF(O108<=7500,0.05,0.18)))-IF(AND(N108>7500,O108>7500),N108/1.18,N108),(O108-IF(AND(N108>7500,O108>7500),N108/1.18,N108))/(1+IF(O108<=1000,0,IF(O108<=7500,0.05,0.18)))))/(IF(AND(N108>7500,O108>7500),N108/1.18,N108))) -> 0.25484735 | R108: =IF(OR(N108="",O108=""),"",((O108-N108)/1.18)/N108) -> 0.25484735 | S108: =IF(OR(P108="",O108=""),"",(P108-O108)/O108) -> -0.046776279 | T108: =IF(AND(D108="",G108<>""),"no dates - assumed 1 night",IF(Q108="","",IF(Q108>1.5,"check: markup >150%",IF(Q108<0,"below cost",""))))
...

Sheet Lonavala-Mahabaleshwar
A1: City | B1: Property | C1: Season slot | D1: Check-in | E1: Check-out | F1: Nights | G1: TBO (stay) | H1: MMT (stay) | I1: Goibibo (stay) | J1: Booking (stay) | K1: Agoda (stay) | L1: Rove ($) | M1: Return % | N1: TBO / night | O1: Cheapest OTA / night | P1: Rove / night (INR) | Q1: Markup % | R1: Agent % | S1: Rove mk % | T1: Flag
A2: Lonavala/Mahabaleshwar | B2: - 7 Apple Resort, Lonavala | C2: ~7d · mid-Jul | D2: 2026-08-14 | E2: 2026-08-16 | F2: =IF(OR(D2="",E2=""),1,MAX(1,DATEVALUE(E2)-DATEVALUE(D2))) -> 2 | G2: 21929 | H2: 25639 | N2: =IF(G2="","",G2/F2) -> 10964.5 | O2: =IF(COUNT(H2:K2)=0,"",MIN(H2:K2)/F2) -> 12819.5 | P2: =IF(L2="","",L2*95/F2) | Q2: =IF(OR(N2="",O2=""),"",(IF(AND(N2>7500,O2>7500),O2/(1+IF(O2<=1000,0,IF(O2<=7500,0.05,0.18)))-IF(AND(N2>7500,O2>7500),N2/1.18,N2),(O2-IF(AND(N2>7500,O2>7500),N2/1.18,N2))/(1+IF(O2<=1000,0,IF(O2<=7500,0.05,0.18)))))/(IF(AND(N2>7500,O2>7500),N2/1.18,N2))) -> 0.16918236 | R2: =IF(OR(N2="",O2=""),"",((O2-N2)/1.18)/N2) -> 0.14337488 | S2: =IF(OR(P2="",O2=""),"",(P2-O2)/O2) | T2: =IF(AND(D2="",G2<>""),"no dates - assumed 1 night",IF(Q2="","",IF(Q2>1.5,"check: markup >150%",IF(Q2<0,"below cost",""))))
A3: Lonavala/Mahabaleshwar | B3: - 7 Apple Resort, Lonavala | C3: ~30d · mid-Aug | D3: 2026-08-28 | E3: 2026-08-30 | F3: =IF(OR(D3="",E3=""),1,MAX(1,DATEVALUE(E3)-DATEVALUE(D3))) -> 2 | G3: 20872 | H3: 24341 | N3: =IF(G3="","",G3/F3) -> 10436 | O3: =IF(COUNT(H3:K3)=0,"",MIN(H3:K3)/F3) -> 12170.5 | P3: =IF(L3="","",L3*95/F3) | Q3: =IF(OR(N3="",O3=""),"",(IF(AND(N3>7500,O3>7500),O3/(1+IF(O3<=1000,0,IF(O3<=7500,0.05,0.18)))-IF(AND(N3>7500,O3>7500),N3/1.18,N3),(O3-IF(AND(N3>7500,O3>7500),N3/1.18,N3))/(1+IF(O3<=1000,0,IF(O3<=7500,0.05,0.18)))))/(IF(AND(N3>7500,O3>7500),N3/1.18,N3))) -> 0.16620353 | R3: =IF(OR(N3="",O3=""),"",((O3-N3)/1.18)/N3) -> 0.14085045 | S3: =IF(OR(P3="",O3=""),"",(P3-O3)/O3) | T3: =IF(AND(D3="",G3<>""),"no dates - assumed 1 night",IF(Q3="","",IF(Q3>1.5,"check: markup >150%",IF(Q3<0,"below cost",""))))
A4: Lonavala/Mahabaleshwar | B4: - 7 Apple Resort, Lonavala | C4: mid-Oct · Diwali | D4: 2026-09-05 | E4: 2026-09-06 | F4: =IF(OR(D4="",E4=""),1,MAX(1,DATEVALUE(E4)-DATEVALUE(D4))) -> 1 | G4: 10211 | H4: 11935 | N4: =IF(G4="","",G4/F4) -> 10211 | O4: =IF(COUNT(H4:K4)=0,"",MIN(H4:K4)/F4) -> 11935 | P4: =IF(L4="","",L4*95/F4) | Q4: =IF(OR(N4="",O4=""),"",(IF(AND(N4>7500,O4>7500),O4/(1+IF(O4<=1000,0,IF(O4<=7500,0.05,0.18)))-IF(AND(N4>7500,O4>7500),N4/1.18,N4),(O4-IF(AND(N4>7500,O4>7500),N4/1.18,N4))/(1+IF(O4<=1000,0,IF(O4<=7500,0.05,0.18)))))/(IF(AND(N4>7500,O4>7500),N4/1.18,N4))) -> 0.16883753 | R4: =IF(OR(N4="",O4=""),"",((O4-N4)/1.18)/N4) -> 0.14308265 | S4: =IF(OR(P4="",O4=""),"",(P4-O4)/O4) | T4: =IF(AND(D4="",G4<>""),"no dates - assumed 1 night",IF(Q4="","",IF(Q4>1.5,"check: markup >150%",IF(Q4<0,"below cost",""))))
A5: Lonavala/Mahabaleshwar | B5: - 7 Apple Resort, Lonavala | C5: 27–30 Dec | D5: 2026-09-12 | E5: 2026-09-13 | F5: =IF(OR(D5="",E5=""),1,MAX(1,DATEVALUE(E5)-DATEVALUE(D5))) -> 1 | G5: 9538 | H5: 10755 | N5: =IF(G5="","",G5/F5) -> 9538 | O5: =IF(COUNT(H5:K5)=0,"",MIN(H5:K5)/F5) -> 10755 | P5: =IF(L5="","",L5*95/F5) | Q5: =IF(OR(N5="",O5=""),"",(IF(AND(N5>7500,O5>7500),O5/(1+IF(O5<=1000,0,IF(O5<=7500,0.05,0.18)))-IF(AND(N5>7500,O5>7500),N5/1.18,N5),(O5-IF(AND(N5>7500,O5>7500),N5/1.18,N5))/(1+IF(O5<=1000,0,IF(O5<=7500,0.05,0.18)))))/(IF(AND(N5>7500,O5>7500),N5/1.18,N5))) -> 0.12759488 | R5: =IF(OR(N5="",O5=""),"",((O5-N5)/1.18)/N5) -> 0.10813126 | S5: =IF(OR(P5="",O5=""),"",(P5-O5)/O5) | T5: =IF(AND(D5="",G5<>""),"no dates - assumed 1 night",IF(Q5="","",IF(Q5>1.5,"check: markup >150%",IF(Q5<0,"below cost",""))))
A6: Lonavala/Mahabaleshwar | B6: - Arova Woods Zinc Journey by The Fern, Lonavala | C6: ~30d · mid-Aug | D6: 2026-08-28 | E6: 2026-08-30 | F6: =IF(OR(D6="",E6=""),1,MAX(1,DATEVALUE(E6)-DATEVALUE(D6))) -> 2 | G6: 24214 | H6: 22123 | N6: =IF(G6="","",G6/F6) -> 12107 | O6: =IF(COUNT(H6:K6)=0,"",MIN(H6:K6)/F6) -> 11061.5 | P6: =IF(L6="","",L6*95/F6) | Q6: =IF(OR(N6="",O6=""),"",(IF(AND(N6>7500,O6>7500),O6/(1+IF(O6<=1000,0,IF(O6<=7500,0.05,0.18)))-IF(AND(N6>7500,O6>7500),N6/1.18,N6),(O6-IF(AND(N6>7500,O6>7500),N6/1.18,N6))/(1+IF(O6<=1000,0,IF(O6<=7500,0.05,0.18)))))/(IF(AND(N6>7500,O6>7500),N6/1.18,N6))) -> -0.086355001 | R6: =IF(OR(N6="",O6=""),"",((O6-N6)/1.18)/N6) -> -0.073182204 | S6: =IF(OR(P6="",O6=""),"",(P6-O6)/O6) | T6: =IF(AND(D6="",G6<>""),"no dates - assumed 1 night",IF(Q6="","",IF(Q6>1.5,"check: markup >150%",IF(Q6<0,"below cost","")))) -> below cost
A7: Lonavala/Mahabaleshwar | B7: - Arova Woods Zinc Journey by The Fern, Lonavala | C7: mid-Oct · Diwali | D7: 2026-09-05 | E7: 2026-09-06 | F7: =IF(OR(D7="",E7=""),1,MAX(1,DATEVALUE(E7)-DATEVALUE(D7))) -> 1 | G7: 13721 | H7: 13717 | N7: =IF(G7="","",G7/F7) -> 13721 | O7: =IF(COUNT(H7:K7)=0,"",MIN(H7:K7)/F7) -> 13717 | P7: =IF(L7="","",L7*95/F7) | Q7: =IF(OR(N7="",O7=""),"",(IF(AND(N7>7500,O7>7500),O7/(1+IF(O7<=1000,0,IF(O7<=7500,0.05,0.18)))-IF(AND(N7>7500,O7>7500),N7/1.18,N7),(O7-IF(AND(N7>7500,O7>7500),N7/1.18,N7))/(1+IF(O7<=1000,0,IF(O7<=7500,0.05,0.18)))))/(IF(AND(N7>7500,O7>7500),N7/1.18,N7))) -> -0.00029152394 | R7: =IF(OR(N7="",O7=""),"",((O7-N7)/1.18)/N7) -> -0.00024705419 | S7: =IF(OR(P7="",O7=""),"",(P7-O7)/O7) | T7: =IF(AND(D7="",G7<>""),"no dates - assumed 1 night",IF(Q7="","",IF(Q7>1.5,"check: markup >150%",IF(Q7<0,"below cost","")))) -> below cost
A8: Lonavala/Mahabaleshwar | B8: - Arova Woods Zinc Journey by The Fern, Lonavala | C8: 27–30 Dec | D8: 2026-09-12 | E8: 2026-09-13 | F8: =IF(OR(D8="",E8=""),1,MAX(1,DATEVALUE(E8)-DATEVALUE(D8))) -> 1 | G8: 12914 | H8: 11947 | N8: =IF(G8="","",G8/F8) -> 12914 | O8: =IF(COUNT(H8:K8)=0,"",MIN(H8:K8)/F8) -> 11947 | P8: =IF(L8="","",L8*95/F8) | Q8: =IF(OR(N8="",O8=""),"",(IF(AND(N8>7500,O8>7500),O8/(1+IF(O8<=1000,0,IF(O8<=7500,0.05,0.18)))-IF(AND(N8>7500,O8>7500),N8/1.18,N8),(O8-IF(AND(N8>7500,O8>7500),N8/1.18,N8))/(1+IF(O8<=1000,0,IF(O8<=7500,0.05,0.18)))))/(IF(AND(N8>7500,O8>7500),N8/1.18,N8))) -> -0.074879975 | R8: =IF(OR(N8="",O8=""),"",((O8-N8)/1.18)/N8) -> -0.063457606 | S8: =IF(OR(P8="",O8=""),"",(P8-O8)/O8) | T8: =IF(AND(D8="",G8<>""),"no dates - assumed 1 night",IF(Q8="","",IF(Q8>1.5,"check: markup >150%",IF(Q8<0,"below cost","")))) -> below cost
A9: Lonavala/Mahabaleshwar | B9: - Arova Woods Zinc Journey by The Fern, Lonavala | C9: mid-Feb | D9: 2026-08-21 | E9: 2026-08-23 | F9: =IF(OR(D9="",E9=""),1,MAX(1,DATEVALUE(E9)-DATEVALUE(D9))) -> 2 | G9: 26190 | H9: 24070 | N9: =IF(G9="","",G9/F9) -> 13095 | O9: =IF(COUNT(H9:K9)=0,"",MIN(H9:K9)/F9) -> 12035 | P9: =IF(L9="","",L9*95/F9) | Q9: =IF(OR(N9="",O9=""),"",(IF(AND(N9>7500,O9>7500),O9/(1+IF(O9<=1000,0,IF(O9<=7500,0.05,0.18)))-IF(AND(N9>7500,O9>7500),N9/1.18,N9),(O9-IF(AND(N9>7500,O9>7500),N9/1.18,N9))/(1+IF(O9<=1000,0,IF(O9<=7500,0.05,0.18)))))/(IF(AND(N9>7500,O9>7500),N9/1.18,N9))) -> -0.080946926 | R9: =IF(OR(N9="",O9=""),"",((O9-N9)/1.18)/N9) -> -0.06859909 | S9: =IF(OR(P9="",O9=""),"",(P9-O9)/O9) | T9: =IF(AND(D9="",G9<>""),"no dates - assumed 1 night",IF(Q9="","",IF(Q9>1.5,"check: markup >150%",IF(Q9<0,"below cost","")))) -> below cost
A10: Lonavala/Mahabaleshwar | B10: - Athiva Resort & Spa Khandala (Formerly Dukes Retreat) | C10: ~7d · mid-Jul | D10: 2026-08-14 | E10: 2026-08-16 | F10: =IF(OR(D10="",E10=""),1,MAX(1,DATEVALUE(E10)-DATEVALUE(D10))) -> 2 | G10: 43992 | H10: 48602 | L10: 21 | N10: =IF(G10="","",G10/F10) -> 21996 | O10: =IF(COUNT(H10:K10)=0,"",MIN(H10:K10)/F10) -> 24301 | P10: =IF(L10="","",L10*95/F10) -> 997.5 | Q10: =IF(OR(N10="",O10=""),"",(IF(AND(N10>7500,O10>7500),O10/(1+IF(O10<=1000,0,IF(O10<=7500,0.05,0.18)))-IF(AND(N10>7500,O10>7500),N10/1.18,N10),(O10-IF(AND(N10>7500,O10>7500),N10/1.18,N10))/(1+IF(O10<=1000,0,IF(O10<=7500,0.05,0.18)))))/(IF(AND(N10>7500,O10>7500),N10/1.18,N10))) -> 0.10479178 | R10: =IF(OR(N10="",O10=""),"",((O10-N10)/1.18)/N10) -> 0.088806593 | S10: =IF(OR(P10="",O10=""),"",(P10-O10)/O10) -> -0.95895231 | T10: =IF(AND(D10="",G10<>""),"no dates - assumed 1 night",IF(Q10="","",IF(Q10>1.5,"check: markup >150%",IF(Q10<0,"below cost",""))))
A11: Lonavala/Mahabaleshwar | B11: - Athiva Resort & Spa Khandala (Formerly Dukes Retreat) | C11: ~30d · mid-Aug | D11: 2026-08-28 | E11: 2026-08-30 | F11: =IF(OR(D11="",E11=""),1,MAX(1,DATEVALUE(E11)-DATEVALUE(D11))) -> 2 | G11: 36658 | H11: 42007 | N11: =IF(G11="","",G11/F11) -> 18329 | O11: =IF(COUNT(H11:K11)=0,"",MIN(H11:K11)/F11) -> 21003.5 | P11: =IF(L11="","",L11*95/F11) | Q11: =IF(OR(N11="",O11=""),"",(IF(AND(N11>7500,O11>7500),O11/(1+IF(O11<=1000,0,IF(O11<=7500,0.05,0.18)))-IF(AND(N11>7500,O11>7500),N11/1.18,N11),(O11-IF(AND(N11>7500,O11>7500),N11/1.18,N11))/(1+IF(O11<=1000,0,IF(O11<=7500,0.05,0.18)))))/(IF(AND(N11>7500,O11>7500),N11/1.18,N11))) -> 0.14591631 | R11: =IF(OR(N11="",O11=""),"",((O11-N11)/1.18)/N11) -> 0.12365789 | S11: =IF(OR(P11="",O11=""),"",(P11-O11)/O11) | T11: =IF(AND(D11="",G11<>""),"no dates - assumed 1 night",IF(Q11="","",IF(Q11>1.5,"check: markup >150%",IF(Q11<0,"below cost",""))))
A12: Lonavala/Mahabaleshwar | B12: - Athiva Resort & Spa Khandala (Formerly Dukes Retreat) | C12: mid-Oct · Diwali | D12: 2026-09-05 | E12: 2026-09-06 | F12: =IF(OR(D12="",E12=""),1,MAX(1,DATEVALUE(E12)-DATEVALUE(D12))) -> 1 | G12: 17218 | H12: 19905 | N12: =IF(G12="","",G12/F12) -> 17218 | O12: =IF(COUNT(H12:K12)=0,"",MIN(H12:K12)/F12) -> 19905 | P12: =IF(L12="","",L12*95/F12) | Q12: =IF(OR(N12="",O12=""),"",(IF(AND(N12>7500,O12>7500),O12/(1+IF(O12<=1000,0,IF(O12<=7500,0.05,0.18)))-IF(AND(N12>7500,O12>7500),N12/1.18,N12),(O12-IF(AND(N12>7500,O12>7500),N12/1.18,N12))/(1+IF(O12<=1000,0,IF(O12<=7500,0.05,0.18)))))/(IF(AND(N12>7500,O12>7500),N12/1.18,N12))) -> 0.15605761 | R12: =IF(OR(N12="",O12=""),"",((O12-N12)/1.18)/N12) -> 0.13225222 | S12: =IF(OR(P12="",O12=""),"",(P12-O12)/O12) | T12: =IF(AND(D12="",G12<>""),"no dates - assumed 1 night",IF(Q12="","",IF(Q12>1.5,"check: markup >150%",IF(Q12<0,"below cost",""))))
A13: Lonavala/Mahabaleshwar | B13: - Athiva Resort & Spa Khandala (Formerly Dukes Retreat) | C13: 27–30 Dec | D13: 2026-09-12 | E13: 2026-09-13 | F13: =IF(OR(D13="",E13=""),1,MAX(1,DATEVALUE(E13)-DATEVALUE(D13))) -> 1 | G13: 17218 | H13: 19905 | N13: =IF(G13="","",G13/F13) -> 17218 | O13: =IF(COUNT(H13:K13)=0,"",MIN(H13:K13)/F13) -> 19905 | P13: =IF(L13="","",L13*95/F13) | Q13: =IF(OR(N13="",O13=""),"",(IF(AND(N13>7500,O13>7500),O13/(1+IF(O13<=1000,0,IF(O13<=7500,0.05,0.18)))-IF(AND(N13>7500,O13>7500),N13/1.18,N13),(O13-IF(AND(N13>7500,O13>7500),N13/1.18,N13))/(1+IF(O13<=1000,0,IF(O13<=7500,0.05,0.18)))))/(IF(AND(N13>7500,O13>7500),N13/1.18,N13))) -> 0.15605761 | R13: =IF(OR(N13="",O13=""),"",((O13-N13)/1.18)/N13) -> 0.13225222 | S13: =IF(OR(P13="",O13=""),"",(P13-O13)/O13) | T13: =IF(AND(D13="",G13<>""),"no dates - assumed 1 night",IF(Q13="","",IF(Q13>1.5,"check: markup >150%",IF(Q13<0,"below cost",""))))
A14: Lonavala/Mahabaleshwar | B14: - Athiva Resort & Spa Khandala (Formerly Dukes Retreat) | C14: mid-Feb | D14: 2026-08-21 | E14: 2026-08-23 | F14: =IF(OR(D14="",E14=""),1,MAX(1,DATEVALUE(E14)-DATEVALUE(D14))) -> 2 | G14: 49433 | H14: 54648 | N14: =IF(G14="","",G14/F14) -> 24716.5 | O14: =IF(COUNT(H14:K14)=0,"",MIN(H14:K14)/F14) -> 27324 | P14: =IF(L14="","",L14*95/F14) | Q14: =IF(OR(N14="",O14=""),"",(IF(AND(N14>7500,O14>7500),O14/(1+IF(O14<=1000,0,IF(O14<=7500,0.05,0.18)))-IF(AND(N14>7500,O14>7500),N14/1.18,N14),(O14-IF(AND(N14>7500,O14>7500),N14/1.18,N14))/(1+IF(O14<=1000,0,IF(O14<=7500,0.05,0.18)))))/(IF(AND(N14>7500,O14>7500),N14/1.18,N14))) -> 0.10549633 | R14: =IF(OR(N14="",O14=""),"",((O14-N14)/1.18)/N14) -> 0.089403668 | S14: =IF(OR(P14="",O14=""),"",(P14-O14)/O14) | T14: =IF(AND(D14="",G14<>""),"no dates - assumed 1 night",IF(Q14="","",IF(Q14>1.5,"check: markup >150%",IF(Q14<0,"below cost",""))))
A15: Lonavala/Mahabaleshwar | B15: - Blue Country Resort, Panchgani | C15: ~7d · mid-Jul | D15: 2026-08-21 | E15: 2026-08-23 | F15: =IF(OR(D15="",E15=""),1,MAX(1,DATEVALUE(E15)-DATEVALUE(D15))) -> 2 | G15: 13574 | H15: 15691 | N15: =IF(G15="","",G15/F15) -> 6787 | O15: =IF(COUNT(H15:K15)=0,"",MIN(H15:K15)/F15) -> 7845.5 | P15: =IF(L15="","",L15*95/F15) | Q15: =IF(OR(N15="",O15=""),"",(IF(AND(N15>7500,O15>7500),O15/(1+IF(O15<=1000,0,IF(O15<=7500,0.05,0.18)))-IF(AND(N15>7500,O15>7500),N15/1.18,N15),(O15-IF(AND(N15>7500,O15>7500),N15/1.18,N15))/(1+IF(O15<=1000,0,IF(O15<=7500,0.05,0.18)))))/(IF(AND(N15>7500,O15>7500),N15/1.18,N15))) -> 0.13216943 | R15: =IF(OR(N15="",O15=""),"",((O15-N15)/1.18)/N15) -> 0.13216943 | S15: =IF(OR(P15="",O15=""),"",(P15-O15)/O15) | T15: =IF(AND(D15="",G15<>""),"no dates - assumed 1 night",IF(Q15="","",IF(Q15>1.5,"check: markup >150%",IF(Q15<0,"below cost",""))))
A16: Lonavala/Mahabaleshwar | B16: - Blue Country Resort, Panchgani | C16: ~30d · mid-Aug | D16: 2026-08-27 | E16: 2026-08-30 | F16: =IF(OR(D16="",E16=""),1,MAX(1,DATEVALUE(E16)-DATEVALUE(D16))) -> 3 | G16: 19646 | H16: 22684 | N16: =IF(G16="","",G16/F16) -> 6548.6667 | O16: =IF(COUNT(H16:K16)=0,"",MIN(H16:K16)/F16) -> 7561.3333 | P16: =IF(L16="","",L16*95/F16) | Q16: =IF(OR(N16="",O16=""),"",(IF(AND(N16>7500,O16>7500),O16/(1+IF(O16<=1000,0,IF(O16<=7500,0.05,0.18)))-IF(AND(N16>7500,O16>7500),N16/1.18,N16),(O16-IF(AND(N16>7500,O16>7500),N16/1.18,N16))/(1+IF(O16<=1000,0,IF(O16<=7500,0.05,0.18)))))/(IF(AND(N16>7500,O16>7500),N16/1.18,N16))) -> 0.13104837 | R16: =IF(OR(N16="",O16=""),"",((O16-N16)/1.18)/N16) -> 0.13104837 | S16: =IF(OR(P16="",O16=""),"",(P16-O16)/O16) | T16: =IF(AND(D16="",G16<>""),"no dates - assumed 1 night",IF(Q16="","",IF(Q16>1.5,"check: markup >150%",IF(Q16<0,"below cost",""))))
A17: Lonavala/Mahabaleshwar | B17: - Blue Country Resort, Panchgani | C17: 27–30 Dec | D17: 2026-09-11 | E17: 2026-09-13 | F17: =IF(OR(D17="",E17=""),1,MAX(1,DATEVALUE(E17)-DATEVALUE(D17))) -> 2 | G17: 13574 | H17: 14901 | N17: =IF(G17="","",G17/F17) -> 6787 | O17: =IF(COUNT(H17:K17)=0,"",MIN(H17:K17)/F17) -> 7450.5 | P17: =IF(L17="","",L17*95/F17) | Q17: =IF(OR(N17="",O17=""),"",(IF(AND(N17>7500,O17>7500),O17/(1+IF(O17<=1000,0,IF(O17<=7500,0.05,0.18)))-IF(AND(N17>7500,O17>7500),N17/1.18,N17),(O17-IF(AND(N17>7500,O17>7500),N17/1.18,N17))/(1+IF(O17<=1000,0,IF(O17<=7500,0.05,0.18)))))/(IF(AND(N17>7500,O17>7500),N17/1.18,N17))) -> 0.093105166 | R17: =IF(OR(N17="",O17=""),"",((O17-N17)/1.18)/N17) -> 0.082847817 | S17: =IF(OR(P17="",O17=""),"",(P17-O17)/O17) | T17: =IF(AND(D17="",G17<>""),"no dates - assumed 1 night",IF(Q17="","",IF(Q17>1.5,"check: markup >150%",IF(Q17<0,"below cost",""))))
A18: Lonavala/Mahabaleshwar | B18: - Brightland Resort & Spa | C18: ~7d · mid-Jul | D18: 2026-08-21 | E18: 2026-08-23 | F18: =IF(OR(D18="",E18=""),1,MAX(1,DATEVALUE(E18)-DATEVALUE(D18))) -> 2 | G18: 36198 | H18: 35863 | N18: =IF(G18="","",G18/F18) -> 18099 | O18: =IF(COUNT(H18:K18)=0,"",MIN(H18:K18)/F18) -> 17931.5 | P18: =IF(L18="","",L18*95/F18) | Q18: =IF(OR(N18="",O18=""),"",(IF(AND(N18>7500,O18>7500),O18/(1+IF(O18<=1000,0,IF(O18<=7500,0.05,0.18)))-IF(AND(N18>7500,O18>7500),N18/1.18,N18),(O18-IF(AND(N18>7500,O18>7500),N18/1.18,N18))/(1+IF(O18<=1000,0,IF(O18<=7500,0.05,0.18)))))/(IF(AND(N18>7500,O18>7500),N18/1.18,N18))) -> -0.009254655 | R18: =IF(OR(N18="",O18=""),"",((O18-N18)/1.18)/N18) -> -0.0078429279 | S18: =IF(OR(P18="",O18=""),"",(P18-O18)/O18) | T18: =IF(AND(D18="",G18<>""),"no dates - assumed 1 night",IF(Q18="","",IF(Q18>1.5,"check: markup >150%",IF(Q18<0,"below cost","")))) -> below cost
A19: Lonavala/Mahabaleshwar | B19: - Brightland Resort & Spa | C19: ~30d · mid-Aug | D19: 2026-08-27 | E19: 2026-08-30 | F19: =IF(OR(D19="",E19=""),1,MAX(1,DATEVALUE(E19)-DATEVALUE(D19))) -> 3 | G19: 43440 | H19: 52120 | N19: =IF(G19="","",G19/F19) -> 14480 | O19: =IF(COUNT(H19:K19)=0,"",MIN(H19:K19)/F19) -> 17373.333 | P19: =IF(L19="","",L19*95/F19) | Q19: =IF(OR(N19="",O19=""),"",(IF(AND(N19>7500,O19>7500),O19/(1+IF(O19<=1000,0,IF(O19<=7500,0.05,0.18)))-IF(AND(N19>7500,O19>7500),N19/1.18,N19),(O19-IF(AND(N19>7500,O19>7500),N19/1.18,N19))/(1+IF(O19<=1000,0,IF(O19<=7500,0.05,0.18)))))/(IF(AND(N19>7500,O19>7500),N19/1.18,N19))) -> 0.19981584 | R19: =IF(OR(N19="",O19=""),"",((O19-N19)/1.18)/N19) -> 0.16933546 | S19: =IF(OR(P19="",O19=""),"",(P19-O19)/O19) | T19: =IF(AND(D19="",G19<>""),"no dates - assumed 1 night",IF(Q19="","",IF(Q19>1.5,"check: markup >150%",IF(Q19<0,"below cost",""))))
A20: Lonavala/Mahabaleshwar | B20: - Brightland Resort & Spa | C20: mid-Oct · Diwali | D20: 2026-09-04 | E20: 2026-09-06 | F20: =IF(OR(D20="",E20=""),1,MAX(1,DATEVALUE(E20)-DATEVALUE(D20))) -> 2 | G20: 27571 | H20: 32603 | N20: =IF(G20="","",G20/F20) -> 13785.5 | O20: =IF(COUNT(H20:K20)=0,"",MIN(H20:K20)/F20) -> 16301.5 | P20: =IF(L20="","",L20*95/F20) | Q20: =IF(OR(N20="",O20=""),"",(IF(AND(N20>7500,O20>7500),O20/(1+IF(O20<=1000,0,IF(O20<=7500,0.05,0.18)))-IF(AND(N20>7500,O20>7500),N20/1.18,N20),(O20-IF(AND(N20>7500,O20>7500),N20/1.18,N20))/(1+IF(O20<=1000,0,IF(O20<=7500,0.05,0.18)))))/(IF(AND(N20>7500,O20>7500),N20/1.18,N20))) -> 0.18251061 | R20: =IF(OR(N20="",O20=""),"",((O20-N20)/1.18)/N20) -> 0.15467001 | S20: =IF(OR(P20="",O20=""),"",(P20-O20)/O20) | T20: =IF(AND(D20="",G20<>""),"no dates - assumed 1 night",IF(Q20="","",IF(Q20>1.5,"check: markup >150%",IF(Q20<0,"below cost",""))))
A21: Lonavala/Mahabaleshwar | B21: - Brightland Resort & Spa | C21: 27–30 Dec | D21: 2026-09-11 | E21: 2026-09-13 | F21: =IF(OR(D21="",E21=""),1,MAX(1,DATEVALUE(E21)-DATEVALUE(D21))) -> 2 | G21: 27571 | H21: 33113 | N21: =IF(G21="","",G21/F21) -> 13785.5 | O21: =IF(COUNT(H21:K21)=0,"",MIN(H21:K21)/F21) -> 16556.5 | P21: =IF(L21="","",L21*95/F21) | Q21: =IF(OR(N21="",O21=""),"",(IF(AND(N21>7500,O21>7500),O21/(1+IF(O21<=1000,0,IF(O21<=7500,0.05,0.18)))-IF(AND(N21>7500,O21>7500),N21/1.18,N21),(O21-IF(AND(N21>7500,O21>7500),N21/1.18,N21))/(1+IF(O21<=1000,0,IF(O21<=7500,0.05,0.18)))))/(IF(AND(N21>7500,O21>7500),N21/1.18,N21))) -> 0.20100831 | R21: =IF(OR(N21="",O21=""),"",((O21-N21)/1.18)/N21) -> 0.17034602 | S21: =IF(OR(P21="",O21=""),"",(P21-O21)/O21) | T21: =IF(AND(D21="",G21<>""),"no dates - assumed 1 night",IF(Q21="","",IF(Q21>1.5,"check: markup >150%",IF(Q21<0,"below cost",""))))
A22: Lonavala/Mahabaleshwar | B22: - Brightland Resort & Spa | C22: mid-Feb | D22: 2026-09-24 | E22: 2026-09-27 | F22: =IF(OR(D22="",E22=""),1,MAX(1,DATEVALUE(E22)-DATEVALUE(D22))) -> 3 | G22: 41400 | H22: 48951 | N22: =IF(G22="","",G22/F22) -> 13800 | O22: =IF(COUNT(H22:K22)=0,"",MIN(H22:K22)/F22) -> 16317 | P22: =IF(L22="","",L22*95/F22) | Q22: =IF(OR(N22="",O22=""),"",(IF(AND(N22>7500,O22>7500),O22/(1+IF(O22<=1000,0,IF(O22<=7500,0.05,0.18)))-IF(AND(N22>7500,O22>7500),N22/1.18,N22),(O22-IF(AND(N22>7500,O22>7500),N22/1.18,N22))/(1+IF(O22<=1000,0,IF(O22<=7500,0.05,0.18)))))/(IF(AND(N22>7500,O22>7500),N22/1.18,N22))) -> 0.1823913 | R22: =IF(OR(N22="",O22=""),"",((O22-N22)/1.18)/N22) -> 0.1545689 | S22: =IF(OR(P22="",O22=""),"",(P22-O22)/O22) | T22: =IF(AND(D22="",G22<>""),"no dates - assumed 1 night",IF(Q22="","",IF(Q22>1.5,"check: markup >150%",IF(Q22<0,"below cost",""))))
... A32: Lonavala/Mahabaleshwar | B32: - Courtyard by Marriott Mahabaleshwar | C32: mid-Feb | D32: 2026-09-24 | E32: 2026-09-27 | F32: =IF(OR(D32="",E32=""),1,MAX(1,DATEVALUE(E32)-DATEVALUE(D32))) -> 3 | G32: 56466 | H32: 57808 | N32: =IF(G32="","",G32/F32) -> 18822 | O32: =IF(COUNT(H32:K32)=0,"",MIN(H32:K32)/F32) -> 19269.333 | P32: =IF(L32="","",L32*95/F32) | Q32: =IF(OR(N32="",O32=""),"",(IF(AND(N32>7500,O32>7500),O32/(1+IF(O32<=1000,0,IF(O32<=7500,0.05,0.18)))-IF(AND(N32>7500,O32>7500),N32/1.18,N32),(O32-IF(AND(N32>7500,O32>7500),N32/1.18,N32))/(1+IF(O32<=1000,0,IF(O32<=7500,0.05,0.18)))))/(IF(AND(N32>7500,O32>7500),N32/1.18,N32))) -> 0.023766514 | R32: =IF(OR(N32="",O32=""),"",((O32-N32)/1.18)/N32) -> 0.020141114 | S32: =IF(OR(P32="",O32=""),"",(P32-O32)/O32) | T32: =IF(AND(D32="",G32<>""),"no dates - assumed 1 night",IF(Q32="","",IF(Q32>1.5,"check: markup >150%",IF(Q32<0,"below cost",""))))
A33: Lonavala/Mahabaleshwar | B33: - Enrise by Sayaji Lonavala | C33: ~7d · mid-Jul | D33: 2026-08-14 | E33: 2026-08-16 | F33: =IF(OR(D33="",E33=""),1,MAX(1,DATEVALUE(E33)-DATEVALUE(D33))) -> 2 | H33: 34219 | N33: =IF(G33="","",G33/F33) | O33: =IF(COUNT(H33:K33)=0,"",MIN(H33:K33)/F33) -> 17109.5 | P33: =IF(L33="","",L33*95/F33) | Q33: =IF(OR(N33="",O33=""),"",(IF(AND(N33>7500,O33>7500),O33/(1+IF(O33<=1000,0,IF(O33<=7500,0.05,0.18)))-IF(AND(N33>7500,O33>7500),N33/1.18,N33),(O33-IF(AND(N33>7500,O33>7500),N33/1.18,N33))/(1+IF(O33<=1000,0,IF(O33<=7500,0.05,0.18)))))/(IF(AND(N33>7500,O33>7500),N33/1.18,N33))) | R33: =IF(OR(N33="",O33=""),"",((O33-N33)/1.18)/N33) | S33: =IF(OR(P33="",O33=""),"",(P33-O33)/O33) | T33: =IF(AND(D33="",G33<>""),"no dates - assumed 1 night",IF(Q33="","",IF(Q33>1.5,"check: markup >150%",IF(Q33<0,"below cost",""))))
A34: Lonavala/Mahabaleshwar | B34: - Enrise by Sayaji Lonavala | C34: ~30d · mid-Aug | D34: 2026-08-28 | E34: 2026-08-30 | F34: =IF(OR(D34="",E34=""),1,MAX(1,DATEVALUE(E34)-DATEVALUE(D34))) -> 2 | H34: 28318 | N34: =IF(G34="","",G34/F34) | O34: =IF(COUNT(H34:K34)=0,"",MIN(H34:K34)/F34) -> 14159 | P34: =IF(L34="","",L34*95/F34) | Q34: =IF(OR(N34="",O34=""),"",(IF(AND(N34>7500,O34>7500),O34/(1+IF(O34<=1000,0,IF(O34<=7500,0.05,0.18)))-IF(AND(N34>7500,O34>7500),N34/1.18,N34),(O34-IF(AND(N34>7500,O34>7500),N34/1.18,N34))/(1+IF(O34<=1000,0,IF(O34<=7500,0.05,0.18)))))/(IF(AND(N34>7500,O34>7500),N34/1.18,N34))) | R34: =IF(OR(N34="",O34=""),"",((O34-N34)/1.18)/N34) | S34: =IF(OR(P34="",O34=""),"",(P34-O34)/O34) | T34: =IF(AND(D34="",G34<>""),"no dates - assumed 1 night",IF(Q34="","",IF(Q34>1.5,"check: markup >150%",IF(Q34<0,"below cost",""))))
A35: Lonavala/Mahabaleshwar | B35: - Enrise by Sayaji Lonavala | C35: mid-Oct · Diwali | D35: 2026-09-05 | E35: 2026-09-06 | F35: =IF(OR(D35="",E35=""),1,MAX(1,DATEVALUE(E35)-DATEVALUE(D35))) -> 1 | H35: 13570 | N35: =IF(G35="","",G35/F35) | O35: =IF(COUNT(H35:K35)=0,"",MIN(H35:K35)/F35) -> 13570 | P35: =IF(L35="","",L35*95/F35) | Q35: =IF(OR(N35="",O35=""),"",(IF(AND(N35>7500,O35>7500),O35/(1+IF(O35<=1000,0,IF(O35<=7500,0.05,0.18)))-IF(AND(N35>7500,O35>7500),N35/1.18,N35),(O35-IF(AND(N35>7500,O35>7500),N35/1.18,N35))/(1+IF(O35<=1000,0,IF(O35<=7500,0.05,0.18)))))/(IF(AND(N35>7500,O35>7500),N35/1.18,N35))) | R35: =IF(OR(N35="",O35=""),"",((O35-N35)/1.18)/N35) | S35: =IF(OR(P35="",O35=""),"",(P35-O35)/O35) | T35: =IF(AND(D35="",G35<>""),"no dates - assumed 1 night",IF(Q35="","",IF(Q35>1.5,"check: markup >150%",IF(Q35<0,"below cost",""))))
A36: Lonavala/Mahabaleshwar | B36: - Enrise by Sayaji Lonavala | C36: 27–30 Dec | D36: 2026-09-12 | E36: 2026-09-13 | F36: =IF(OR(D36="",E36=""),1,MAX(1,DATEVALUE(E36)-DATEVALUE(D36))) -> 1 | H36: 13570 | N36: =IF(G36="","",G36/F36) | O36: =IF(COUNT(H36:K36)=0,"",MIN(H36:K36)/F36) -> 13570 | P36: =IF(L36="","",L36*95/F36) | Q36: =IF(OR(N36="",O36=""),"",(IF(AND(N36>7500,O36>7500),O36/(1+IF(O36<=1000,0,IF(O36<=7500,0.05,0.18)))-IF(AND(N36>7500,O36>7500),N36/1.18,N36),(O36-IF(AND(N36>7500,O36>7500),N36/1.18,N36))/(1+IF(O36<=1000,0,IF(O36<=7500,0.05,0.18)))))/(IF(AND(N36>7500,O36>7500),N36/1.18,N36))) | R36: =IF(OR(N36="",O36=""),"",((O36-N36)/1.18)/N36) | S36: =IF(OR(P36="",O36=""),"",(P36-O36)/O36) | T36: =IF(AND(D36="",G36<>""),"no dates - assumed 1 night",IF(Q36="","",IF(Q36>1.5,"check: markup >150%",IF(Q36<0,"below cost",""))))
A37: Lonavala/Mahabaleshwar | B37: - Enrise by Sayaji Lonavala | C37: mid-Feb | D37: 2026-08-21 | E37: 2026-08-23 | F37: =IF(OR(D37="",E37=""),1,MAX(1,DATEVALUE(E37)-DATEVALUE(D37))) -> 2 | H37: 27138 | N37: =IF(G37="","",G37/F37) | O37: =IF(COUNT(H37:K37)=0,"",MIN(H37:K37)/F37) -> 13569 | P37: =IF(L37="","",L37*95/F37) | Q37: =IF(OR(N37="",O37=""),"",(IF(AND(N37>7500,O37>7500),O37/(1+IF(O37<=1000,0,IF(O37<=7500,0.05,0.18)))-IF(AND(N37>7500,O37>7500),N37/1.18,N37),(O37-IF(AND(N37>7500,O37>7500),N37/1.18,N37))/(1+IF(O37<=1000,0,IF(O37<=7500,0.05,0.18)))))/(IF(AND(N37>7500,O37>7500),N37/1.18,N37))) | R37: =IF(OR(N37="",O37=""),"",((O37-N37)/1.18)/N37) | S37: =IF(OR(P37="",O37=""),"",(P37-O37)/O37) | T37: =IF(AND(D37="",G37<>""),"no dates - assumed 1 night",IF(Q37="","",IF(Q37>1.5,"check: markup >150%",IF(Q37<0,"below cost",""))))
A38: Lonavala/Mahabaleshwar | B38: - Fariyas Resort | C38: ~7d · mid-Jul | D38: 2026-08-14 | E38: 2026-08-16 | F38: =IF(OR(D38="",E38=""),1,MAX(1,DATEVALUE(E38)-DATEVALUE(D38))) -> 2 | G38: 38692 | H38: 39716 | N38: =IF(G38="","",G38/F38) -> 19346 | O38: =IF(COUNT(H38:K38)=0,"",MIN(H38:K38)/F38) -> 19858 | P38: =IF(L38="","",L38*95/F38) | Q38: =IF(OR(N38="",O38=""),"",(IF(AND(N38>7500,O38>7500),O38/(1+IF(O38<=1000,0,IF(O38<=7500,0.05,0.18)))-IF(AND(N38>7500,O38>7500),N38/1.18,N38),(O38-IF(AND(N38>7500,O38>7500),N38/1.18,N38))/(1+IF(O38<=1000,0,IF(O38<=7500,0.05,0.18)))))/(IF(AND(N38>7500,O38>7500),N38/1.18,N38))) -> 0.026465419 | R38: =IF(OR(N38="",O38=""),"",((O38-N38)/1.18)/N38) -> 0.022428321 | S38: =IF(OR(P38="",O38=""),"",(P38-O38)/O38) | T38: =IF(AND(D38="",G38<>""),"no dates - assumed 1 night",IF(Q38="","",IF(Q38>1.5,"check: markup >150%",IF(Q38<0,"below cost",""))))
A39: Lonavala/Mahabaleshwar | B39: - Fariyas Resort | C39: ~30d · mid-Aug | D39: 2026-08-28 | E39: 2026-08-30 | F39: =IF(OR(D39="",E39=""),1,MAX(1,DATEVALUE(E39)-DATEVALUE(D39))) -> 2 | G39: 38122 | N39: =IF(G39="","",G39/F39) -> 19061 | O39: =IF(COUNT(H39:K39)=0,"",MIN(H39:K39)/F39) | P39: =IF(L39="","",L39*95/F39) | Q39: =IF(OR(N39="",O39=""),"",(IF(AND(N39>7500,O39>7500),O39/(1+IF(O39<=1000,0,IF(O39<=7500,0.05,0.18)))-IF(AND(N39>7500,O39>7500),N39/1.18,N39),(O39-IF(AND(N39>7500,O39>7500),N39/1.18,N39))/(1+IF(O39<=1000,0,IF(O39<=7500,0.05,0.18)))))/(IF(AND(N39>7500,O39>7500),N39/1.18,N39))) | R39: =IF(OR(N39="",O39=""),"",((O39-N39)/1.18)/N39) | S39: =IF(OR(P39="",O39=""),"",(P39-O39)/O39) | T39: =IF(AND(D39="",G39<>""),"no dates - assumed 1 night",IF(Q39="","",IF(Q39>1.5,"check: markup >150%",IF(Q39<0,"below cost",""))))
A40: Lonavala/Mahabaleshwar | B40: - Fariyas Resort | C40: mid-Oct · Diwali | D40: 2026-09-05 | E40: 2026-09-06 | F40: =IF(OR(D40="",E40=""),1,MAX(1,DATEVALUE(E40)-DATEVALUE(D40))) -> 1 | G40: 15283 | H40: 15689 | N40: =IF(G40="","",G40/F40) -> 15283 | O40: =IF(COUNT(H40:K40)=0,"",MIN(H40:K40)/F40) -> 15689 | P40: =IF(L40="","",L40*95/F40) | Q40: =IF(OR(N40="",O40=""),"",(IF(AND(N40>7500,O40>7500),O40/(1+IF(O40<=1000,0,IF(O40<=7500,0.05,0.18)))-IF(AND(N40>7500,O40>7500),N40/1.18,N40),(O40-IF(AND(N40>7500,O40>7500),N40/1.18,N40))/(1+IF(O40<=1000,0,IF(O40<=7500,0.05,0.18)))))/(IF(AND(N40>7500,O40>7500),N40/1.18,N40))) -> 0.026565465 | R40: =IF(OR(N40="",O40=""),"",((O40-N40)/1.18)/N40) -> 0.022513106 | S40: =IF(OR(P40="",O40=""),"",(P40-O40)/O40) | T40: =IF(AND(D40="",G40<>""),"no dates - assumed 1 night",IF(Q40="","",IF(Q40>1.5,"check: markup >150%",IF(Q40<0,"below cost",""))))
A41: Lonavala/Mahabaleshwar | B41: - Fariyas Resort | C41: 27–30 Dec | D41: 2026-09-12 | E41: 2026-09-13 | F41: =IF(OR(D41="",E41=""),1,MAX(1,DATEVALUE(E41)-DATEVALUE(D41))) -> 1 | G41: 15283 | H41: 15689 | N41: =IF(G41="","",G41/F41) -> 15283 | O41: =IF(COUNT(H41:K41)=0,"",MIN(H41:K41)/F41) -> 15689 | P41: =IF(L41="","",L41*95/F41) | Q41: =IF(OR(N41="",O41=""),"",(IF(AND(N41>7500,O41>7500),O41/(1+IF(O41<=1000,0,IF(O41<=7500,0.05,0.18)))-IF(AND(N41>7500,O41>7500),N41/1.18,N41),(O41-IF(AND(N41>7500,O41>7500),N41/1.18,N41))/(1+IF(O41<=1000,0,IF(O41<=7500,0.05,0.18)))))/(IF(AND(N41>7500,O41>7500),N41/1.18,N41))) -> 0.026565465 | R41: =IF(OR(N41="",O41=""),"",((O41-N41)/1.18)/N41) -> 0.022513106 | S41: =IF(OR(P41="",O41=""),"",(P41-O41)/O41) | T41: =IF(AND(D41="",G41<>""),"no dates - assumed 1 night",IF(Q41="","",IF(Q41>1.5,"check: markup >150%",IF(Q41<0,"below cost",""))))
A42: Lonavala/Mahabaleshwar | B42: - Fariyas Resort | C42: mid-Feb | D42: 2026-08-21 | E42: 2026-08-23 | F42: =IF(OR(D42="",E42=""),1,MAX(1,DATEVALUE(E42)-DATEVALUE(D42))) -> 2 | G42: 38122 | H42: 39131 | N42: =IF(G42="","",G42/F42) -> 19061 | O42: =IF(COUNT(H42:K42)=0,"",MIN(H42:K42)/F42) -> 19565.5 | P42: =IF(L42="","",L42*95/F42) | Q42: =IF(OR(N42="",O42=""),"",(IF(AND(N42>7500,O42>7500),O42/(1+IF(O42<=1000,0,IF(O42<=7500,0.05,0.18)))-IF(AND(N42>7500,O42>7500),N42/1.18,N42),(O42-IF(AND(N42>7500,O42>7500),N42/1.18,N42))/(1+IF(O42<=1000,0,IF(O42<=7500,0.05,0.18)))))/(IF(AND(N42>7500,O42>7500),N42/1.18,N42))) -> 0.026467656 | R42: =IF(OR(N42="",O42=""),"",((O42-N42)/1.18)/N42) -> 0.022430217 | S42: =IF(OR(P42="",O42=""),"",(P42-O42)/O42) | T42: =IF(AND(D42="",G42<>""),"no dates - assumed 1 night",IF(Q42="","",IF(Q42>1.5,"check: markup >150%",IF(Q42<0,"below cost",""))))
A43: Lonavala/Mahabaleshwar | B43: - Hotel Dreamland | C43: ~7d · mid-Jul | D43: 2026-08-21 | E43: 2026-08-23 | F43: =IF(OR(D43="",E43=""),1,MAX(1,DATEVALUE(E43)-DATEVALUE(D43))) -> 2 | G43: 21227 | N43: =IF(G43="","",G43/F43) -> 10613.5 | O43: =IF(COUNT(H43:K43)=0,"",MIN(H43:K43)/F43) | P43: =IF(L43="","",L43*95/F43) | Q43: =IF(OR(N43="",O43=""),"",(IF(AND(N43>7500,O43>7500),O43/(1+IF(O43<=1000,0,IF(O43<=7500,0.05,0.18)))-IF(AND(N43>7500,O43>7500),N43/1.18,N43),(O43-IF(AND(N43>7500,O43>7500),N43/1.18,N43))/(1+IF(O43<=1000,0,IF(O43<=7500,0.05,0.18)))))/(IF(AND(N43>7500,O43>7500),N43/1.18,N43))) | R43: =IF(OR(N43="",O43=""),"",((O43-N43)/1.18)/N43) | S43: =IF(OR(P43="",O43=""),"",(P43-O43)/O43) | T43: =IF(AND(D43="",G43<>""),"no dates - assumed 1 night",IF(Q43="","",IF(Q43>1.5,"check: markup >150%",IF(Q43<0,"below cost",""))))
A44: Lonavala/Mahabaleshwar | B44: - Hotel Dreamland | C44: ~30d · mid-Aug | D44: 2026-08-27 | E44: 2026-08-30 | F44: =IF(OR(D44="",E44=""),1,MAX(1,DATEVALUE(E44)-DATEVALUE(D44))) -> 3 | G44: 31841 | N44: =IF(G44="","",G44/F44) -> 10613.667 | O44: =IF(COUNT(H44:K44)=0,"",MIN(H44:K44)/F44) | P44: =IF(L44="","",L44*95/F44) | Q44: =IF(OR(N44="",O44=""),"",(IF(AND(N44>7500,O44>7500),O44/(1+IF(O44<=1000,0,IF(O44<=7500,0.05,0.18)))-IF(AND(N44>7500,O44>7500),N44/1.18,N44),(O44-IF(AND(N44>7500,O44>7500),N44/1.18,N44))/(1+IF(O44<=1000,0,IF(O44<=7500,0.05,0.18)))))/(IF(AND(N44>7500,O44>7500),N44/1.18,N44))) | R44: =IF(OR(N44="",O44=""),"",((O44-N44)/1.18)/N44) | S44: =IF(OR(P44="",O44=""),"",(P44-O44)/O44) | T44: =IF(AND(D44="",G44<>""),"no dates - assumed 1 night",IF(Q44="","",IF(Q44>1.5,"check: markup >150%",IF(Q44<0,"below cost",""))))
A45: Lonavala/Mahabaleshwar | B45: - Hotel Dreamland | C45: mid-Oct · Diwali | D45: 2026-09-04 | E45: 2026-09-06 | F45: =IF(OR(D45="",E45=""),1,MAX(1,DATEVALUE(E45)-DATEVALUE(D45))) -> 2 | G45: 19047 | N45: =IF(G45="","",G45/F45) -> 9523.5 | O45: =IF(COUNT(H45:K45)=0,"",MIN(H45:K45)/F45) | P45: =IF(L45="","",L45*95/F45) | Q45: =IF(OR(N45="",O45=""),"",(IF(AND(N45>7500,O45>7500),O45/(1+IF(O45<=1000,0,IF(O45<=7500,0.05,0.18)))-IF(AND(N45>7500,O45>7500),N45/1.18,N45),(O45-IF(AND(N45>7500,O45>7500),N45/1.18,N45))/(1+IF(O45<=1000,0,IF(O45<=7500,0.05,0.18)))))/(IF(AND(N45>7500,O45>7500),N45/1.18,N45))) | R45: =IF(OR(N45="",O45=""),"",((O45-N45)/1.18)/N45) | S45: =IF(OR(P45="",O45=""),"",(P45-O45)/O45) | T45: =IF(AND(D45="",G45<>""),"no dates - assumed 1 night",IF(Q45="","",IF(Q45>1.5,"check: markup >150%",IF(Q45<0,"below cost",""))))
A46: Lonavala/Mahabaleshwar | B46: - Hotel Dreamland | C46: 27–30 Dec | D46: 2026-09-11 | E46: 2026-09-13 | F46: =IF(OR(D46="",E46=""),1,MAX(1,DATEVALUE(E46)-DATEVALUE(D46))) -> 2 | G46: 65394 | N46: =IF(G46="","",G46/F46) -> 32697 | O46: =IF(COUNT(H46:K46)=0,"",MIN(H46:K46)/F46) | P46: =IF(L46="","",L46*95/F46) | Q46: =IF(OR(N46="",O46=""),"",(IF(AND(N46>7500,O46>7500),O46/(1+IF(O46<=1000,0,IF(O46<=7500,0.05,0.18)))-IF(AND(N46>7500,O46>7500),N46/1.18,N46),(O46-IF(AND(N46>7500,O46>7500),N46/1.18,N46))/(1+IF(O46<=1000,0,IF(O46<=7500,0.05,0.18)))))/(IF(AND(N46>7500,O46>7500),N46/1.18,N46))) | R46: =IF(OR(N46="",O46=""),"",((O46-N46)/1.18)/N46) | S46: =IF(OR(P46="",O46=""),"",(P46-O46)/O46) | T46: =IF(AND(D46="",G46<>""),"no dates - assumed 1 night",IF(Q46="","",IF(Q46>1.5,"check: markup >150%",IF(Q46<0,"below cost",""))))
A47: Lonavala/Mahabaleshwar | B47: - Hotel Dreamland | C47: mid-Feb | D47: 2026-09-24 | E47: 2026-09-27 | F47: =IF(OR(D47="",E47=""),1,MAX(1,DATEVALUE(E47)-DATEVALUE(D47))) -> 3 | G47: 98091 | N47: =IF(G47="","",G47/F47) -> 32697 | O47: =IF(COUNT(H47:K47)=0,"",MIN(H47:K47)/F47) | P47: =IF(L47="","",L47*95/F47) | Q47: =IF(OR(N47="",O47=""),"",(IF(AND(N47>7500,O47>7500),O47/(1+IF(O47<=1000,0,IF(O47<=7500,0.05,0.18)))-IF(AND(N47>7500,O47>7500),N47/1.18,N47),(O47-IF(AND(N47>7500,O47>7500),N47/1.18,N47))/(1+IF(O47<=1000,0,IF(O47<=7500,0.05,0.18)))))/(IF(AND(N47>7500,O47>7500),N47/1.18,N47))) | R47: =IF(OR(N47="",O47=""),"",((O47-N47)/1.18)/N47) | S47: =IF(OR(P47="",O47=""),"",(P47-O47)/O47) | T47: =IF(AND(D47="",G47<>""),"no dates - assumed 1 night",IF(Q47="","",IF(Q47>1.5,"check: markup >150%",IF(Q47<0,"below cost",""))))
A48: Lonavala/Mahabaleshwar | B48: - Juvana Resort & Spa | C48: ~7d · mid-Jul | D48: 2026-08-14 | E48: 2026-08-16 | F48: =IF(OR(D48="",E48=""),1,MAX(1,DATEVALUE(E48)-DATEVALUE(D48))) -> 2 | G48: 29847 | H48: 37596 | N48: =IF(G48="","",G48/F48) -> 14923.5 | O48: =IF(COUNT(H48:K48)=0,"",MIN(H48:K48)/F48) -> 18798 | P48: =IF(L48="","",L48*95/F48) | Q48: =IF(OR(N48="",O48=""),"",(IF(AND(N48>7500,O48>7500),O48/(1+IF(O48<=1000,0,IF(O48<=7500,0.05,0.18)))-IF(AND(N48>7500,O48>7500),N48/1.18,N48),(O48-IF(AND(N48>7500,O48>7500),N48/1.18,N48))/(1+IF(O48<=1000,0,IF(O48<=7500,0.05,0.18)))))/(IF(AND(N48>7500,O48>7500),N48/1.18,N48))) -> 0.25962408 | R48: =IF(OR(N48="",O48=""),"",((O48-N48)/1.18)/N48) -> 0.22002041 | S48: =IF(OR(P48="",O48=""),"",(P48-O48)/O48) | T48: =IF(AND(D48="",G48<>""),"no dates - assumed 1 night",IF(Q48="","",IF(Q48>1.5,"check: markup >150%",IF(Q48<0,"below cost",""))))
A49: Lonavala/Mahabaleshwar | B49: - Juvana Resort & Spa | C49: ~30d · mid-Aug | D49: 2026-08-28 | E49: 2026-08-30 | F49: =IF(OR(D49="",E49=""),1,MAX(1,DATEVALUE(E49)-DATEVALUE(D49))) -> 2 | G49: 29857 | N49: =IF(G49="","",G49/F49) -> 14928.5 | O49: =IF(COUNT(H49:K49)=0,"",MIN(H49:K49)/F49) | P49: =IF(L49="","",L49*95/F49) | Q49: =IF(OR(N49="",O49=""),"",(IF(AND(N49>7500,O49>7500),O49/(1+IF(O49<=1000,0,IF(O49<=7500,0.05,0.18)))-IF(AND(N49>7500,O49>7500),N49/1.18,N49),(O49-IF(AND(N49>7500,O49>7500),N49/1.18,N49))/(1+IF(O49<=1000,0,IF(O49<=7500,0.05,0.18)))))/(IF(AND(N49>7500,O49>7500),N49/1.18,N49))) | R49: =IF(OR(N49="",O49=""),"",((O49-N49)/1.18)/N49) | S49: =IF(OR(P49="",O49=""),"",(P49-O49)/O49) | T49: =IF(AND(D49="",G49<>""),"no dates - assumed 1 night",IF(Q49="","",IF(Q49>1.5,"check: markup >150%",IF(Q49<0,"below cost",""))))
A50: Lonavala/Mahabaleshwar | B50: - Juvana Resort & Spa | C50: mid-Feb | D50: 2026-08-21 | E50: 2026-08-23 | F50: =IF(OR(D50="",E50=""),1,MAX(1,DATEVALUE(E50)-DATEVALUE(D50))) -> 2 | G50: 31114 | H50: 37596 | N50: =IF(G50="","",G50/F50) -> 15557 | O50: =IF(COUNT(H50:K50)=0,"",MIN(H50:K50)/F50) -> 18798 | P50: =IF(L50="","",L50*95/F50) | Q50: =IF(OR(N50="",O50=""),"",(IF(AND(N50>7500,O50>7500),O50/(1+IF(O50<=1000,0,IF(O50<=7500,0.05,0.18)))-IF(AND(N50>7500,O50>7500),N50/1.18,N50),(O50-IF(AND(N50>7500,O50>7500),N50/1.18,N50))/(1+IF(O50<=1000,0,IF(O50<=7500,0.05,0.18)))))/(IF(AND(N50>7500,O50>7500),N50/1.18,N50))) -> 0.20833066 | R50: =IF(OR(N50="",O50=""),"",((O50-N50)/1.18)/N50) -> 0.1765514 | S50: =IF(OR(P50="",O50=""),"",(P50-O50)/O50) | T50: =IF(AND(D50="",G50<>""),"no dates - assumed 1 night",IF(Q50="","",IF(Q50>1.5,"check: markup >150%",IF(Q50<0,"below cost",""))))
A51: Lonavala/Mahabaleshwar | B51: - Le Méridien Mahabaleshwar Resort & Spa | C51: ~7d · mid-Jul | D51: 2026-08-21 | E51: 2026-08-23 | F51: =IF(OR(D51="",E51=""),1,MAX(1,DATEVALUE(E51)-DATEVALUE(D51))) -> 2 | G51: 76134 | H51: 73762 | N51: =IF(G51="","",G51/F51) -> 38067 | O51: =IF(COUNT(H51:K51)=0,"",MIN(H51:K51)/F51) -> 36881 | P51: =IF(L51="","",L51*95/F51) | Q51: =IF(OR(N51="",O51=""),"",(IF(AND(N51>7500,O51>7500),O51/(1+IF(O51<=1000,0,IF(O51<=7500,0.05,0.18)))-IF(AND(N51>7500,O51>7500),N51/1.18,N51),(O51-IF(AND(N51>7500,O51>7500),N51/1.18,N51))/(1+IF(O51<=1000,0,IF(O51<=7500,0.05,0.18)))))/(IF(AND(N51>7500,O51>7500),N51/1.18,N51))) -> -0.031155594 | R51: =IF(OR(N51="",O51=""),"",((O51-N51)/1.18)/N51) -> -0.026403046 | S51: =IF(OR(P51="",O51=""),"",(P51-O51)/O51) | T51: =IF(AND(D51="",G51<>""),"no dates - assumed 1 night",IF(Q51="","",IF(Q51>1.5,"check: markup >150%",IF(Q51<0,"below cost","")))) -> below cost
A52: Lonavala/Mahabaleshwar | B52: - Le Méridien Mahabaleshwar Resort & Spa | C52: ~30d · mid-Aug | D52: 2026-08-27 | E52: 2026-08-30 | F52: =IF(OR(D52="",E52=""),1,MAX(1,DATEVALUE(E52)-DATEVALUE(D52))) -> 3 | G52: 76329 | H52: 73827 | N52: =IF(G52="","",G52/F52) -> 25443 | O52: =IF(COUNT(H52:K52)=0,"",MIN(H52:K52)/F52) -> 24609 | P52: =IF(L52="","",L52*95/F52) | Q52: =IF(OR(N52="",O52=""),"",(IF(AND(N52>7500,O52>7500),O52/(1+IF(O52<=1000,0,IF(O52<=7500,0.05,0.18)))-IF(AND(N52>7500,O52>7500),N52/1.18,N52),(O52-IF(AND(N52>7500,O52>7500),N52/1.18,N52))/(1+IF(O52<=1000,0,IF(O52<=7500,0.05,0.18)))))/(IF(AND(N52>7500,O52>7500),N52/1.18,N52))) -> -0.032779153 | R52: =IF(OR(N52="",O52=""),"",((O52-N52)/1.18)/N52) -> -0.027778944 | S52: =IF(OR(P52="",O52=""),"",(P52-O52)/O52) | T52: =IF(AND(D52="",G52<>""),"no dates - assumed 1 night",IF(Q52="","",IF(Q52>1.5,"check: markup >150%",IF(Q52<0,"below cost","")))) -> below cost
A53: Lonavala/Mahabaleshwar | B53: - Le Méridien Mahabaleshwar Resort & Spa | C53: mid-Oct · Diwali | D53: 2026-09-04 | E53: 2026-09-06 | F53: =IF(OR(D53="",E53=""),1,MAX(1,DATEVALUE(E53)-DATEVALUE(D53))) -> 2 | G53: 73048 | H53: 70399 | N53: =IF(G53="","",G53/F53) -> 36524 | O53: =IF(COUNT(H53:K53)=0,"",MIN(H53:K53)/F53) -> 35199.5 | P53: =IF(L53="","",L53*95/F53) | Q53: =IF(OR(N53="",O53=""),"",(IF(AND(N53>7500,O53>7500),O53/(1+IF(O53<=1000,0,IF(O53<=7500,0.05,0.18)))-IF(AND(N53>7500,O53>7500),N53/1.18,N53),(O53-IF(AND(N53>7500,O53>7500),N53/1.18,N53))/(1+IF(O53<=1000,0,IF(O53<=7500,0.05,0.18)))))/(IF(AND(N53>7500,O53>7500),N53/1.18,N53))) -> -0.036263827 | R53: =IF(OR(N53="",O53=""),"",((O53-N53)/1.18)/N53) -> -0.030732056 | S53: =IF(OR(P53="",O53=""),"",(P53-O53)/O53) | T53: =IF(AND(D53="",G53<>""),"no dates - assumed 1 night",IF(Q53="","",IF(Q53>1.5,"check: markup >150%",IF(Q53<0,"below cost","")))) -> below cost
A54: Lonavala/Mahabaleshwar | B54: - Le Méridien Mahabaleshwar Resort & Spa | C54: 27–30 Dec | D54: 2026-09-11 | E54: 2026-09-13 | F54: =IF(OR(D54="",E54=""),1,MAX(1,DATEVALUE(E54)-DATEVALUE(D54))) -> 2 | G54: 50626 | H54: 47867 | N54: =IF(G54="","",G54/F54) -> 25313 | O54: =IF(COUNT(H54:K54)=0,"",MIN(H54:K54)/F54) -> 23933.5 | P54: =IF(L54="","",L54*95/F54) | Q54: =IF(OR(N54="",O54=""),"",(IF(AND(N54>7500,O54>7500),O54/(1+IF(O54<=1000,0,IF(O54<=7500,0.05,0.18)))-IF(AND(N54>7500,O54>7500),N54/1.18,N54),(O54-IF(AND(N54>7500,O54>7500),N54/1.18,N54))/(1+IF(O54<=1000,0,IF(O54<=7500,0.05,0.18)))))/(IF(AND(N54>7500,O54>7500),N54/1.18,N54))) -> -0.054497689 | R54: =IF(OR(N54="",O54=""),"",((O54-N54)/1.18)/N54) -> -0.046184482 | S54: =IF(OR(P54="",O54=""),"",(P54-O54)/O54) | T54: =IF(AND(D54="",G54<>""),"no dates - assumed 1 night",IF(Q54="","",IF(Q54>1.5,"check: markup >150%",IF(Q54<0,"below cost","")))) -> below cost
A55: Lonavala/Mahabaleshwar | B55: - Le Méridien Mahabaleshwar Resort & Spa | C55: mid-Feb | D55: 2026-09-24 | E55: 2026-09-27 | F55: =IF(OR(D55="",E55=""),1,MAX(1,DATEVALUE(E55)-DATEVALUE(D55))) -> 3 | G55: 75319 | H55: 68388 | N55: =IF(G55="","",G55/F55) -> 25106.333 | O55: =IF(COUNT(H55:K55)=0,"",MIN(H55:K55)/F55) -> 22796 | P55: =IF(L55="","",L55*95/F55) | Q55: =IF(OR(N55="",O55=""),"",(IF(AND(N55>7500,O55>7500),O55/(1+IF(O55<=1000,0,IF(O55<=7500,0.05,0.18)))-IF(AND(N55>7500,O55>7500),N55/1.18,N55),(O55-IF(AND(N55>7500,O55>7500),N55/1.18,N55))/(1+IF(O55<=1000,0,IF(O55<=7500,0.05,0.18)))))/(IF(AND(N55>7500,O55>7500),N55/1.18,N55))) -> -0.092021933 | R55: =IF(OR(N55="",O55=""),"",((O55-N55)/1.18)/N55) -> -0.077984689 | S55: =IF(OR(P55="",O55=""),"",(P55-O55)/O55) | T55: =IF(AND(D55="",G55<>""),"no dates - assumed 1 night",IF(Q55="","",IF(Q55>1.5,"check: markup >150%",IF(Q55<0,"below cost","")))) -> below cost
A56: Lonavala/Mahabaleshwar | B56: - Orchid Hotel, Panchgani | C56: ~7d · mid-Jul | D56: 2026-08-21 | E56: 2026-08-23 | F56: =IF(OR(D56="",E56=""),1,MAX(1,DATEVALUE(E56)-DATEVALUE(D56))) -> 2 | G56: 20051 | H56: 20409 | N56: =IF(G56="","",G56/F56) -> 10025.5 | O56: =IF(COUNT(H56:K56)=0,"",MIN(H56:K56)/F56) -> 10204.5 | P56: =IF(L56="","",L56*95/F56) | Q56: =IF(OR(N56="",O56=""),"",(IF(AND(N56>7500,O56>7500),O56/(1+IF(O56<=1000,0,IF(O56<=7500,0.05,0.18)))-IF(AND(N56>7500,O56>7500),N56/1.18,N56),(O56-IF(AND(N56>7500,O56>7500),N56/1.18,N56))/(1+IF(O56<=1000,0,IF(O56<=7500,0.05,0.18)))))/(IF(AND(N56>7500,O56>7500),N56/1.18,N56))) -> 0.017854471 | R56: =IF(OR(N56="",O56=""),"",((O56-N56)/1.18)/N56) -> 0.015130908 | S56: =IF(OR(P56="",O56=""),"",(P56-O56)/O56) | T56: =IF(AND(D56="",G56<>""),"no dates - assumed 1 night",IF(Q56="","",IF(Q56>1.5,"check: markup >150%",IF(Q56<0,"below cost",""))))
A57: Lonavala/Mahabaleshwar | B57: - Orchid Hotel, Panchgani | C57: ~30d · mid-Aug | D57: 2026-08-27 | E57: 2026-08-30 | F57: =IF(OR(D57="",E57=""),1,MAX(1,DATEVALUE(E57)-DATEVALUE(D57))) -> 3 | G57: 19976 | H57: 20464 | N57: =IF(G57="","",G57/F57) -> 6658.6667 | O57: =IF(COUNT(H57:K57)=0,"",MIN(H57:K57)/F57) -> 6821.3333 | P57: =IF(L57="","",L57*95/F57) | Q57: =IF(OR(N57="",O57=""),"",(IF(AND(N57>7500,O57>7500),O57/(1+IF(O57<=1000,0,IF(O57<=7500,0.05,0.18)))-IF(AND(N57>7500,O57>7500),N57/1.18,N57),(O57-IF(AND(N57>7500,O57>7500),N57/1.18,N57))/(1+IF(O57<=1000,0,IF(O57<=7500,0.05,0.18)))))/(IF(AND(N57>7500,O57>7500),N57/1.18,N57))) -> 0.023266014 | R57: =IF(OR(N57="",O57=""),"",((O57-N57)/1.18)/N57) -> 0.020702809 | S57: =IF(OR(P57="",O57=""),"",(P57-O57)/O57) | T57: =IF(AND(D57="",G57<>""),"no dates - assumed 1 night",IF(Q57="","",IF(Q57>1.5,"check: markup >150%",IF(Q57<0,"below cost",""))))
A58: Lonavala/Mahabaleshwar | B58: - Orchid Hotel, Panchgani | C58: mid-Oct · Diwali | D58: 2026-09-04 | E58: 2026-09-06 | F58: =IF(OR(D58="",E58=""),1,MAX(1,DATEVALUE(E58)-DATEVALUE(D58))) -> 2 | G58: 14137 | H58: 14174 | N58: =IF(G58="","",G58/F58) -> 7068.5 | O58: =IF(COUNT(H58:K58)=0,"",MIN(H58:K58)/F58) -> 7087 | P58: =IF(L58="","",L58*95/F58) | Q58: =IF(OR(N58="",O58=""),"",(IF(AND(N58>7500,O58>7500),O58/(1+IF(O58<=1000,0,IF(O58<=7500,0.05,0.18)))-IF(AND(N58>7500,O58>7500),N58/1.18,N58),(O58-IF(AND(N58>7500,O58>7500),N58/1.18,N58))/(1+IF(O58<=1000,0,IF(O58<=7500,0.05,0.18)))))/(IF(AND(N58>7500,O58>7500),N58/1.18,N58))) -> 0.0024926148 | R58: =IF(OR(N58="",O58=""),"",((O58-N58)/1.18)/N58) -> 0.0022180047 | S58: =IF(OR(P58="",O58=""),"",(P58-O58)/O58) | T58: =IF(AND(D58="",G58<>""),"no dates - assumed 1 night",IF(Q58="","",IF(Q58>1.5,"check: markup >150%",IF(Q58<0,"below cost",""))))
A59: Lonavala/Mahabaleshwar | B59: - Orchid Hotel, Panchgani | C59: 27–30 Dec | D59: 2026-09-11 | E59: 2026-09-13 | F59: =IF(OR(D59="",E59=""),1,MAX(1,DATEVALUE(E59)-DATEVALUE(D59))) -> 2 | G59: 15784 | H59: 17919 | N59: =IF(G59="","",G59/F59) -> 7892 | O59: =IF(COUNT(H59:K59)=0,"",MIN(H59:K59)/F59) -> 8959.5 | P59: =IF(L59="","",L59*95/F59) | Q59: =IF(OR(N59="",O59=""),"",(IF(AND(N59>7500,O59>7500),O59/(1+IF(O59<=1000,0,IF(O59<=7500,0.05,0.18)))-IF(AND(N59>7500,O59>7500),N59/1.18,N59),(O59-IF(AND(N59>7500,O59>7500),N59/1.18,N59))/(1+IF(O59<=1000,0,IF(O59<=7500,0.05,0.18)))))/(IF(AND(N59>7500,O59>7500),N59/1.18,N59))) -> 0.13526356 | R59: =IF(OR(N59="",O59=""),"",((O59-N59)/1.18)/N59) -> 0.11463013 | S59: =IF(OR(P59="",O59=""),"",(P59-O59)/O59) | T59: =IF(AND(D59="",G59<>""),"no dates - assumed 1 night",IF(Q59="","",IF(Q59>1.5,"check: markup >150%",IF(Q59<0,"below cost",""))))
A60: Lonavala/Mahabaleshwar | B60: - Orchid Hotel, Panchgani | C60: mid-Feb | D60: 2026-09-24 | E60: 2026-09-27 | F60: =IF(OR(D60="",E60=""),1,MAX(1,DATEVALUE(E60)-DATEVALUE(D60))) -> 3 | G60: 22852 | H60: 25007 | N60: =IF(G60="","",G60/F60) -> 7617.3333 | O60: =IF(COUNT(H60:K60)=0,"",MIN(H60:K60)/F60) -> 8335.6667 | P60: =IF(L60="","",L60*95/F60) | Q60: =IF(OR(N60="",O60=""),"",(IF(AND(N60>7500,O60>7500),O60/(1+IF(O60<=1000,0,IF(O60<=7500,0.05,0.18)))-IF(AND(N60>7500,O60>7500),N60/1.18,N60),(O60-IF(AND(N60>7500,O60>7500),N60/1.18,N60))/(1+IF(O60<=1000,0,IF(O60<=7500,0.05,0.18)))))/(IF(AND(N60>7500,O60>7500),N60/1.18,N60))) -> 0.094302468 | R60: =IF(OR(N60="",O60=""),"",((O60-N60)/1.18)/N60) -> 0.079917346 | S60: =IF(OR(P60="",O60=""),"",(P60-O60)/O60) | T60: =IF(AND(D60="",G60<>""),"no dates - assumed 1 night",IF(Q60="","",IF(Q60>1.5,"check: markup >150%",IF(Q60<0,"below cost",""))))
A61: Lonavala/Mahabaleshwar | B61: - Radisson Resort & Spa Lonavala | C61: ~30d · mid-Aug | D61: 2026-08-28 | E61: 2026-08-30 | F61: =IF(OR(D61="",E61=""),1,MAX(1,DATEVALUE(E61)-DATEVALUE(D61))) -> 2 | G61: 34801 | H61: 37374 | N61: =IF(G61="","",G61/F61) -> 17400.5 | O61: =IF(COUNT(H61:K61)=0,"",MIN(H61:K61)/F61) -> 18687 | P61: =IF(L61="","",L61*95/F61) | Q61: =IF(OR(N61="",O61=""),"",(IF(AND(N61>7500,O61>7500),O61/(1+IF(O61<=1000,0,IF(O61<=7500,0.05,0.18)))-IF(AND(N61>7500,O61>7500),N61/1.18,N61),(O61-IF(AND(N61>7500,O61>7500),N61/1.18,N61))/(1+IF(O61<=1000,0,IF(O61<=7500,0.05,0.18)))))/(IF(AND(N61>7500,O61>7500),N61/1.18,N61))) -> 0.073934657 | R61: =IF(OR(N61="",O61=""),"",((O61-N61)/1.18)/N61) -> 0.062656489 | S61: =IF(OR(P61="",O61=""),"",(P61-O61)/O61) | T61: =IF(AND(D61="",G61<>""),"no dates - assumed 1 night",IF(Q61="","",IF(Q61>1.5,"check: markup >150%",IF(Q61<0,"below cost",""))))
... A73: Lonavala/Mahabaleshwar | B73: - Regenta Place Green Leaf, Mahabaleshwar | C73: mid-Feb | D73: 2026-09-24 | E73: 2026-09-27 | F73: =IF(OR(D73="",E73=""),1,MAX(1,DATEVALUE(E73)-DATEVALUE(D73))) -> 3 | G73: 26587 | H73: 28674 | N73: =IF(G73="","",G73/F73) -> 8862.3333 | O73: =IF(COUNT(H73:K73)=0,"",MIN(H73:K73)/F73) -> 9558 | P73: =IF(L73="","",L73*95/F73) | Q73: =IF(OR(N73="",O73=""),"",(IF(AND(N73>7500,O73>7500),O73/(1+IF(O73<=1000,0,IF(O73<=7500,0.05,0.18)))-IF(AND(N73>7500,O73>7500),N73/1.18,N73),(O73-IF(AND(N73>7500,O73>7500),N73/1.18,N73))/(1+IF(O73<=1000,0,IF(O73<=7500,0.05,0.18)))))/(IF(AND(N73>7500,O73>7500),N73/1.18,N73))) -> 0.07849701 | R73: =IF(OR(N73="",O73=""),"",((O73-N73)/1.18)/N73) -> 0.06652289 | S73: =IF(OR(P73="",O73=""),"",(P73-O73)/O73) | T73: =IF(AND(D73="",G73<>""),"no dates - assumed 1 night",IF(Q73="","",IF(Q73>1.5,"check: markup >150%",IF(Q73<0,"below cost",""))))
A74: Lonavala/Mahabaleshwar | B74: - Sterling Stolen Heaven Lonavala | C74: mid-Oct · Diwali | D74: 2026-09-05 | E74: 2026-09-06 | F74: =IF(OR(D74="",E74=""),1,MAX(1,DATEVALUE(E74)-DATEVALUE(D74))) -> 1 | G74: 5864 | H74: 6404 | L74: 1 | N74: =IF(G74="","",G74/F74) -> 5864 | O74: =IF(COUNT(H74:K74)=0,"",MIN(H74:K74)/F74) -> 6404 | P74: =IF(L74="","",L74*95/F74) -> 95 | Q74: =IF(OR(N74="",O74=""),"",(IF(AND(N74>7500,O74>7500),O74/(1+IF(O74<=1000,0,IF(O74<=7500,0.05,0.18)))-IF(AND(N74>7500,O74>7500),N74/1.18,N74),(O74-IF(AND(N74>7500,O74>7500),N74/1.18,N74))/(1+IF(O74<=1000,0,IF(O74<=7500,0.05,0.18)))))/(IF(AND(N74>7500,O74>7500),N74/1.18,N74))) -> 0.087702202 | R74: =IF(OR(N74="",O74=""),"",((O74-N74)/1.18)/N74) -> 0.078040095 | S74: =IF(OR(P74="",O74=""),"",(P74-O74)/O74) -> -0.98516552 | T74: =IF(AND(D74="",G74<>""),"no dates - assumed 1 night",IF(Q74="","",IF(Q74>1.5,"check: markup >150%",IF(Q74<0,"below cost",""))))
A75: Lonavala/Mahabaleshwar | B75: - Sterling Stolen Heaven Lonavala | C75: 27–30 Dec | D75: 2026-09-12 | E75: 2026-09-13 | F75: =IF(OR(D75="",E75=""),1,MAX(1,DATEVALUE(E75)-DATEVALUE(D75))) -> 1 | G75: 9990 | L75: 2 | N75: =IF(G75="","",G75/F75) -> 9990 | O75: =IF(COUNT(H75:K75)=0,"",MIN(H75:K75)/F75) | P75: =IF(L75="","",L75*95/F75) -> 190 | Q75: =IF(OR(N75="",O75=""),"",(IF(AND(N75>7500,O75>7500),O75/(1+IF(O75<=1000,0,IF(O75<=7500,0.05,0.18)))-IF(AND(N75>7500,O75>7500),N75/1.18,N75),(O75-IF(AND(N75>7500,O75>7500),N75/1.18,N75))/(1+IF(O75<=1000,0,IF(O75<=7500,0.05,0.18)))))/(IF(AND(N75>7500,O75>7500),N75/1.18,N75))) | R75: =IF(OR(N75="",O75=""),"",((O75-N75)/1.18)/N75) | S75: =IF(OR(P75="",O75=""),"",(P75-O75)/O75) | T75: =IF(AND(D75="",G75<>""),"no dates - assumed 1 night",IF(Q75="","",IF(Q75>1.5,"check: markup >150%",IF(Q75<0,"below cost",""))))
A76: Lonavala/Mahabaleshwar | B76: - The Fern An Ecotel Hotel, Lonavala | C76: ~7d · mid-Jul | D76: 2026-08-14 | E76: 2026-08-16 | F76: =IF(OR(D76="",E76=""),1,MAX(1,DATEVALUE(E76)-DATEVALUE(D76))) -> 2 | G76: 24894 | H76: 34686 | N76: =IF(G76="","",G76/F76) -> 12447 | O76: =IF(COUNT(H76:K76)=0,"",MIN(H76:K76)/F76) -> 17343 | P76: =IF(L76="","",L76*95/F76) | Q76: =IF(OR(N76="",O76=""),"",(IF(AND(N76>7500,O76>7500),O76/(1+IF(O76<=1000,0,IF(O76<=7500,0.05,0.18)))-IF(AND(N76>7500,O76>7500),N76/1.18,N76),(O76-IF(AND(N76>7500,O76>7500),N76/1.18,N76))/(1+IF(O76<=1000,0,IF(O76<=7500,0.05,0.18)))))/(IF(AND(N76>7500,O76>7500),N76/1.18,N76))) -> 0.39334779 | R76: =IF(OR(N76="",O76=""),"",((O76-N76)/1.18)/N76) -> 0.33334559 | S76: =IF(OR(P76="",O76=""),"",(P76-O76)/O76) | T76: =IF(AND(D76="",G76<>""),"no dates - assumed 1 night",IF(Q76="","",IF(Q76>1.5,"check: markup >150%",IF(Q76<0,"below cost",""))))
A77: Lonavala/Mahabaleshwar | B77: - The Fern An Ecotel Hotel, Lonavala | C77: ~30d · mid-Aug | D77: 2026-08-28 | E77: 2026-08-30 | F77: =IF(OR(D77="",E77=""),1,MAX(1,DATEVALUE(E77)-DATEVALUE(D77))) -> 2 | G77: 19980 | H77: 25000 | N77: =IF(G77="","",G77/F77) -> 9990 | O77: =IF(COUNT(H77:K77)=0,"",MIN(H77:K77)/F77) -> 12500 | P77: =IF(L77="","",L77*95/F77) | Q77: =IF(OR(N77="",O77=""),"",(IF(AND(N77>7500,O77>7500),O77/(1+IF(O77<=1000,0,IF(O77<=7500,0.05,0.18)))-IF(AND(N77>7500,O77>7500),N77/1.18,N77),(O77-IF(AND(N77>7500,O77>7500),N77/1.18,N77))/(1+IF(O77<=1000,0,IF(O77<=7500,0.05,0.18)))))/(IF(AND(N77>7500,O77>7500),N77/1.18,N77))) -> 0.25125125 | R77: =IF(OR(N77="",O77=""),"",((O77-N77)/1.18)/N77) -> 0.21292479 | S77: =IF(OR(P77="",O77=""),"",(P77-O77)/O77) | T77: =IF(AND(D77="",G77<>""),"no dates - assumed 1 night",IF(Q77="","",IF(Q77>1.5,"check: markup >150%",IF(Q77<0,"below cost",""))))
A78: Lonavala/Mahabaleshwar | B78: - The Fern An Ecotel Hotel, Lonavala | C78: mid-Oct · Diwali | D78: 2026-09-05 | E78: 2026-09-06 | F78: =IF(OR(D78="",E78=""),1,MAX(1,DATEVALUE(E78)-DATEVALUE(D78))) -> 1 | G78: 12753 | H78: 13192 | N78: =IF(G78="","",G78/F78) -> 12753 | O78: =IF(COUNT(H78:K78)=0,"",MIN(H78:K78)/F78) -> 13192 | P78: =IF(L78="","",L78*95/F78) | Q78: =IF(OR(N78="",O78=""),"",(IF(AND(N78>7500,O78>7500),O78/(1+IF(O78<=1000,0,IF(O78<=7500,0.05,0.18)))-IF(AND(N78>7500,O78>7500),N78/1.18,N78),(O78-IF(AND(N78>7500,O78>7500),N78/1.18,N78))/(1+IF(O78<=1000,0,IF(O78<=7500,0.05,0.18)))))/(IF(AND(N78>7500,O78>7500),N78/1.18,N78))) -> 0.034423273 | R78: =IF(OR(N78="",O78=""),"",((O78-N78)/1.18)/N78) -> 0.029172265 | S78: =IF(OR(P78="",O78=""),"",(P78-O78)/O78) | T78: =IF(AND(D78="",G78<>""),"no dates - assumed 1 night",IF(Q78="","",IF(Q78>1.5,"check: markup >150%",IF(Q78<0,"below cost",""))))
A79: Lonavala/Mahabaleshwar | B79: - The Fern An Ecotel Hotel, Lonavala | C79: 27–30 Dec | D79: 2026-09-12 | E79: 2026-09-13 | F79: =IF(OR(D79="",E79=""),1,MAX(1,DATEVALUE(E79)-DATEVALUE(D79))) -> 1 | G79: 9525 | H79: 10886 | N79: =IF(G79="","",G79/F79) -> 9525 | O79: =IF(COUNT(H79:K79)=0,"",MIN(H79:K79)/F79) -> 10886 | P79: =IF(L79="","",L79*95/F79) | Q79: =IF(OR(N79="",O79=""),"",(IF(AND(N79>7500,O79>7500),O79/(1+IF(O79<=1000,0,IF(O79<=7500,0.05,0.18)))-IF(AND(N79>7500,O79>7500),N79/1.18,N79),(O79-IF(AND(N79>7500,O79>7500),N79/1.18,N79))/(1+IF(O79<=1000,0,IF(O79<=7500,0.05,0.18)))))/(IF(AND(N79>7500,O79>7500),N79/1.18,N79))) -> 0.14288714 | R79: =IF(OR(N79="",O79=""),"",((O79-N79)/1.18)/N79) -> 0.1210908 | S79: =IF(OR(P79="",O79=""),"",(P79-O79)/O79) | T79: =IF(AND(D79="",G79<>""),"no dates - assumed 1 night",IF(Q79="","",IF(Q79>1.5,"check: markup >150%",IF(Q79<0,"below cost",""))))
A80: Lonavala/Mahabaleshwar | B80: - The Keys Hotel Mahabaleshwar & Spa | C80: ~7d · mid-Jul | D80: 2026-08-21 | E80: 2026-08-23 | F80: =IF(OR(D80="",E80=""),1,MAX(1,DATEVALUE(E80)-DATEVALUE(D80))) -> 2 | G80: 26583 | H80: 31044 | N80: =IF(G80="","",G80/F80) -> 13291.5 | O80: =IF(COUNT(H80:K80)=0,"",MIN(H80:K80)/F80) -> 15522 | P80: =IF(L80="","",L80*95/F80) | Q80: =IF(OR(N80="",O80=""),"",(IF(AND(N80>7500,O80>7500),O80/(1+IF(O80<=1000,0,IF(O80<=7500,0.05,0.18)))-IF(AND(N80>7500,O80>7500),N80/1.18,N80),(O80-IF(AND(N80>7500,O80>7500),N80/1.18,N80))/(1+IF(O80<=1000,0,IF(O80<=7500,0.05,0.18)))))/(IF(AND(N80>7500,O80>7500),N80/1.18,N80))) -> 0.16781402 | R80: =IF(OR(N80="",O80=""),"",((O80-N80)/1.18)/N80) -> 0.14221527 | S80: =IF(OR(P80="",O80=""),"",(P80-O80)/O80) | T80: =IF(AND(D80="",G80<>""),"no dates - assumed 1 night",IF(Q80="","",IF(Q80>1.5,"check: markup >150%",IF(Q80<0,"below cost",""))))
A81: Lonavala/Mahabaleshwar | B81: - The Keys Hotel Mahabaleshwar & Spa | C81: ~30d · mid-Aug | D81: 2026-08-27 | E81: 2026-08-30 | F81: =IF(OR(D81="",E81=""),1,MAX(1,DATEVALUE(E81)-DATEVALUE(D81))) -> 3 | G81: 70213 | H81: 64071 | N81: =IF(G81="","",G81/F81) -> 23404.333 | O81: =IF(COUNT(H81:K81)=0,"",MIN(H81:K81)/F81) -> 21357 | P81: =IF(L81="","",L81*95/F81) | Q81: =IF(OR(N81="",O81=""),"",(IF(AND(N81>7500,O81>7500),O81/(1+IF(O81<=1000,0,IF(O81<=7500,0.05,0.18)))-IF(AND(N81>7500,O81>7500),N81/1.18,N81),(O81-IF(AND(N81>7500,O81>7500),N81/1.18,N81))/(1+IF(O81<=1000,0,IF(O81<=7500,0.05,0.18)))))/(IF(AND(N81>7500,O81>7500),N81/1.18,N81))) -> -0.087476678 | R81: =IF(OR(N81="",O81=""),"",((O81-N81)/1.18)/N81) -> -0.074132778 | S81: =IF(OR(P81="",O81=""),"",(P81-O81)/O81) | T81: =IF(AND(D81="",G81<>""),"no dates - assumed 1 night",IF(Q81="","",IF(Q81>1.5,"check: markup >150%",IF(Q81<0,"below cost","")))) -> below cost
A82: Lonavala/Mahabaleshwar | B82: - The Keys Hotel Mahabaleshwar & Spa | C82: mid-Oct · Diwali | D82: 2026-09-04 | E82: 2026-09-06 | F82: =IF(OR(D82="",E82=""),1,MAX(1,DATEVALUE(E82)-DATEVALUE(D82))) -> 2 | G82: 39044 | H82: 44613 | N82: =IF(G82="","",G82/F82) -> 19522 | O82: =IF(COUNT(H82:K82)=0,"",MIN(H82:K82)/F82) -> 22306.5 | P82: =IF(L82="","",L82*95/F82) | Q82: =IF(OR(N82="",O82=""),"",(IF(AND(N82>7500,O82>7500),O82/(1+IF(O82<=1000,0,IF(O82<=7500,0.05,0.18)))-IF(AND(N82>7500,O82>7500),N82/1.18,N82),(O82-IF(AND(N82>7500,O82>7500),N82/1.18,N82))/(1+IF(O82<=1000,0,IF(O82<=7500,0.05,0.18)))))/(IF(AND(N82>7500,O82>7500),N82/1.18,N82))) -> 0.14263395 | R82: =IF(OR(N82="",O82=""),"",((O82-N82)/1.18)/N82) -> 0.12087623 | S82: =IF(OR(P82="",O82=""),"",(P82-O82)/O82) | T82: =IF(AND(D82="",G82<>""),"no dates - assumed 1 night",IF(Q82="","",IF(Q82>1.5,"check: markup >150%",IF(Q82<0,"below cost",""))))
A83: Lonavala/Mahabaleshwar | B83: - The Keys Hotel Mahabaleshwar & Spa | C83: 27–30 Dec | D83: 2026-09-11 | E83: 2026-09-13 | F83: =IF(OR(D83="",E83=""),1,MAX(1,DATEVALUE(E83)-DATEVALUE(D83))) -> 2 | G83: 31763 | H83: 28133 | N83: =IF(G83="","",G83/F83) -> 15881.5 | O83: =IF(COUNT(H83:K83)=0,"",MIN(H83:K83)/F83) -> 14066.5 | P83: =IF(L83="","",L83*95/F83) | Q83: =IF(OR(N83="",O83=""),"",(IF(AND(N83>7500,O83>7500),O83/(1+IF(O83<=1000,0,IF(O83<=7500,0.05,0.18)))-IF(AND(N83>7500,O83>7500),N83/1.18,N83),(O83-IF(AND(N83>7500,O83>7500),N83/1.18,N83))/(1+IF(O83<=1000,0,IF(O83<=7500,0.05,0.18)))))/(IF(AND(N83>7500,O83>7500),N83/1.18,N83))) -> -0.11428392 | R83: =IF(OR(N83="",O83=""),"",((O83-N83)/1.18)/N83) -> -0.096850776 | S83: =IF(OR(P83="",O83=""),"",(P83-O83)/O83) | T83: =IF(AND(D83="",G83<>""),"no dates - assumed 1 night",IF(Q83="","",IF(Q83>1.5,"check: markup >150%",IF(Q83<0,"below cost","")))) -> below cost
A84: Lonavala/Mahabaleshwar | B84: - The Keys Hotel Mahabaleshwar & Spa | C84: mid-Feb | D84: 2026-09-24 | E84: 2026-09-27 | F84: =IF(OR(D84="",E84=""),1,MAX(1,DATEVALUE(E84)-DATEVALUE(D84))) -> 3 | G84: 34890 | H84: 39867 | N84: =IF(G84="","",G84/F84) -> 11630 | O84: =IF(COUNT(H84:K84)=0,"",MIN(H84:K84)/F84) -> 13289 | P84: =IF(L84="","",L84*95/F84) | Q84: =IF(OR(N84="",O84=""),"",(IF(AND(N84>7500,O84>7500),O84/(1+IF(O84<=1000,0,IF(O84<=7500,0.05,0.18)))-IF(AND(N84>7500,O84>7500),N84/1.18,N84),(O84-IF(AND(N84>7500,O84>7500),N84/1.18,N84))/(1+IF(O84<=1000,0,IF(O84<=7500,0.05,0.18)))))/(IF(AND(N84>7500,O84>7500),N84/1.18,N84))) -> 0.14264832 | R84: =IF(OR(N84="",O84=""),"",((O84-N84)/1.18)/N84) -> 0.12088841 | S84: =IF(OR(P84="",O84=""),"",(P84-O84)/O84) | T84: =IF(AND(D84="",G84<>""),"no dates - assumed 1 night",IF(Q84="","",IF(Q84>1.5,"check: markup >150%",IF(Q84<0,"below cost",""))))
A85: Lonavala/Mahabaleshwar | B85: - The Lagoona Resort (An Eco Friendly Hotel) | C85: ~7d · mid-Jul | D85: 2026-08-14 | E85: 2026-08-16 | F85: =IF(OR(D85="",E85=""),1,MAX(1,DATEVALUE(E85)-DATEVALUE(D85))) -> 2 | G85: 27606 | H85: 28797 | N85: =IF(G85="","",G85/F85) -> 13803 | O85: =IF(COUNT(H85:K85)=0,"",MIN(H85:K85)/F85) -> 14398.5 | P85: =IF(L85="","",L85*95/F85) | Q85: =IF(OR(N85="",O85=""),"",(IF(AND(N85>7500,O85>7500),O85/(1+IF(O85<=1000,0,IF(O85<=7500,0.05,0.18)))-IF(AND(N85>7500,O85>7500),N85/1.18,N85),(O85-IF(AND(N85>7500,O85>7500),N85/1.18,N85))/(1+IF(O85<=1000,0,IF(O85<=7500,0.05,0.18)))))/(IF(AND(N85>7500,O85>7500),N85/1.18,N85))) -> 0.043142795 | R85: =IF(OR(N85="",O85=""),"",((O85-N85)/1.18)/N85) -> 0.036561691 | S85: =IF(OR(P85="",O85=""),"",(P85-O85)/O85) | T85: =IF(AND(D85="",G85<>""),"no dates - assumed 1 night",IF(Q85="","",IF(Q85>1.5,"check: markup >150%",IF(Q85<0,"below cost",""))))
A86: Lonavala/Mahabaleshwar | B86: - The Lagoona Resort (An Eco Friendly Hotel) | C86: ~30d · mid-Aug | D86: 2026-08-28 | E86: 2026-08-30 | F86: =IF(OR(D86="",E86=""),1,MAX(1,DATEVALUE(E86)-DATEVALUE(D86))) -> 2 | G86: 37988 | H86: 39556 | N86: =IF(G86="","",G86/F86) -> 18994 | O86: =IF(COUNT(H86:K86)=0,"",MIN(H86:K86)/F86) -> 19778 | P86: =IF(L86="","",L86*95/F86) | Q86: =IF(OR(N86="",O86=""),"",(IF(AND(N86>7500,O86>7500),O86/(1+IF(O86<=1000,0,IF(O86<=7500,0.05,0.18)))-IF(AND(N86>7500,O86>7500),N86/1.18,N86),(O86-IF(AND(N86>7500,O86>7500),N86/1.18,N86))/(1+IF(O86<=1000,0,IF(O86<=7500,0.05,0.18)))))/(IF(AND(N86>7500,O86>7500),N86/1.18,N86))) -> 0.041276192 | R86: =IF(OR(N86="",O86=""),"",((O86-N86)/1.18)/N86) -> 0.034979824 | S86: =IF(OR(P86="",O86=""),"",(P86-O86)/O86) | T86: =IF(AND(D86="",G86<>""),"no dates - assumed 1 night",IF(Q86="","",IF(Q86>1.5,"check: markup >150%",IF(Q86<0,"below cost",""))))
A87: Lonavala/Mahabaleshwar | B87: - The Lagoona Resort (An Eco Friendly Hotel) | C87: 27–30 Dec | D87: 2026-09-12 | E87: 2026-09-13 | F87: =IF(OR(D87="",E87=""),1,MAX(1,DATEVALUE(E87)-DATEVALUE(D87))) -> 1 | G87: 9274 | H87: 9752 | N87: =IF(G87="","",G87/F87) -> 9274 | O87: =IF(COUNT(H87:K87)=0,"",MIN(H87:K87)/F87) -> 9752 | P87: =IF(L87="","",L87*95/F87) | Q87: =IF(OR(N87="",O87=""),"",(IF(AND(N87>7500,O87>7500),O87/(1+IF(O87<=1000,0,IF(O87<=7500,0.05,0.18)))-IF(AND(N87>7500,O87>7500),N87/1.18,N87),(O87-IF(AND(N87>7500,O87>7500),N87/1.18,N87))/(1+IF(O87<=1000,0,IF(O87<=7500,0.05,0.18)))))/(IF(AND(N87>7500,O87>7500),N87/1.18,N87))) -> 0.051541945 | R87: =IF(OR(N87="",O87=""),"",((O87-N87)/1.18)/N87) -> 0.043679615 | S87: =IF(OR(P87="",O87=""),"",(P87-O87)/O87) | T87: =IF(AND(D87="",G87<>""),"no dates - assumed 1 night",IF(Q87="","",IF(Q87>1.5,"check: markup >150%",IF(Q87<0,"below cost",""))))
... A91: Lonavala/Mahabaleshwar | B91: - The Orchid Lonavala | C91: 27–30 Dec | D91: 2026-09-12 | E91: 2026-09-13 | F91: =IF(OR(D91="",E91=""),1,MAX(1,DATEVALUE(E91)-DATEVALUE(D91))) -> 1 | G91: 14601 | H91: 14143 | N91: =IF(G91="","",G91/F91) -> 14601 | O91: =IF(COUNT(H91:K91)=0,"",MIN(H91:K91)/F91) -> 14143 | P91: =IF(L91="","",L91*95/F91) | Q91: =IF(OR(N91="",O91=""),"",(IF(AND(N91>7500,O91>7500),O91/(1+IF(O91<=1000,0,IF(O91<=7500,0.05,0.18)))-IF(AND(N91>7500,O91>7500),N91/1.18,N91),(O91-IF(AND(N91>7500,O91>7500),N91/1.18,N91))/(1+IF(O91<=1000,0,IF(O91<=7500,0.05,0.18)))))/(IF(AND(N91>7500,O91>7500),N91/1.18,N91))) -> -0.031367715 | R91: =IF(OR(N91="",O91=""),"",((O91-N91)/1.18)/N91) -> -0.026582809 | S91: =IF(OR(P91="",O91=""),"",(P91-O91)/O91) | T91: =IF(AND(D91="",G91<>""),"no dates - assumed 1 night",IF(Q91="","",IF(Q91>1.5,"check: markup >150%",IF(Q91<0,"below cost","")))) -> below cost
A92: Lonavala/Mahabaleshwar | B92: - Upper Deck Resort Highest Peak, Lonavala | C92: ~7d · mid-Jul | D92: 2026-08-14 | E92: 2026-08-16 | F92: =IF(OR(D92="",E92=""),1,MAX(1,DATEVALUE(E92)-DATEVALUE(D92))) -> 2 | G92: 42101 | N92: =IF(G92="","",G92/F92) -> 21050.5 | O92: =IF(COUNT(H92:K92)=0,"",MIN(H92:K92)/F92) | P92: =IF(L92="","",L92*95/F92) | Q92: =IF(OR(N92="",O92=""),"",(IF(AND(N92>7500,O92>7500),O92/(1+IF(O92<=1000,0,IF(O92<=7500,0.05,0.18)))-IF(AND(N92>7500,O92>7500),N92/1.18,N92),(O92-IF(AND(N92>7500,O92>7500),N92/1.18,N92))/(1+IF(O92<=1000,0,IF(O92<=7500,0.05,0.18)))))/(IF(AND(N92>7500,O92>7500),N92/1.18,N92))) | R92: =IF(OR(N92="",O92=""),"",((O92-N92)/1.18)/N92) | S92: =IF(OR(P92="",O92=""),"",(P92-O92)/O92) | T92: =IF(AND(D92="",G92<>""),"no dates - assumed 1 night",IF(Q92="","",IF(Q92>1.5,"check: markup >150%",IF(Q92<0,"below cost",""))))
A93: Lonavala/Mahabaleshwar | B93: - Upper Deck Resort Highest Peak, Lonavala | C93: ~30d · mid-Aug | D93: 2026-08-28 | E93: 2026-08-30 | F93: =IF(OR(D93="",E93=""),1,MAX(1,DATEVALUE(E93)-DATEVALUE(D93))) -> 2 | G93: 30302 | H93: 24441 | N93: =IF(G93="","",G93/F93) -> 15151 | O93: =IF(COUNT(H93:K93)=0,"",MIN(H93:K93)/F93) -> 12220.5 | P93: =IF(L93="","",L93*95/F93) | Q93: =IF(OR(N93="",O93=""),"",(IF(AND(N93>7500,O93>7500),O93/(1+IF(O93<=1000,0,IF(O93<=7500,0.05,0.18)))-IF(AND(N93>7500,O93>7500),N93/1.18,N93),(O93-IF(AND(N93>7500,O93>7500),N93/1.18,N93))/(1+IF(O93<=1000,0,IF(O93<=7500,0.05,0.18)))))/(IF(AND(N93>7500,O93>7500),N93/1.18,N93))) -> -0.19341958 | R93: =IF(OR(N93="",O93=""),"",((O93-N93)/1.18)/N93) -> -0.1639149 | S93: =IF(OR(P93="",O93=""),"",(P93-O93)/O93) | T93: =IF(AND(D93="",G93<>""),"no dates - assumed 1 night",IF(Q93="","",IF(Q93>1.5,"check: markup >150%",IF(Q93<0,"below cost","")))) -> below cost
A94: Lonavala/Mahabaleshwar | B94: - Upper Deck Resort Highest Peak, Lonavala | C94: 27–30 Dec | D94: 2026-09-12 | E94: 2026-09-13 | F94: =IF(OR(D94="",E94=""),1,MAX(1,DATEVALUE(E94)-DATEVALUE(D94))) -> 1 | G94: 15552 | H94: 12442 | N94: =IF(G94="","",G94/F94) -> 15552 | O94: =IF(COUNT(H94:K94)=0,"",MIN(H94:K94)/F94) -> 12442 | P94: =IF(L94="","",L94*95/F94) | Q94: =IF(OR(N94="",O94=""),"",(IF(AND(N94>7500,O94>7500),O94/(1+IF(O94<=1000,0,IF(O94<=7500,0.05,0.18)))-IF(AND(N94>7500,O94>7500),N94/1.18,N94),(O94-IF(AND(N94>7500,O94>7500),N94/1.18,N94))/(1+IF(O94<=1000,0,IF(O94<=7500,0.05,0.18)))))/(IF(AND(N94>7500,O94>7500),N94/1.18,N94))) -> -0.19997428 | R94: =IF(OR(N94="",O94=""),"",((O94-N94)/1.18)/N94) -> -0.16946973 | S94: =IF(OR(P94="",O94=""),"",(P94-O94)/O94) | T94: =IF(AND(D94="",G94<>""),"no dates - assumed 1 night",IF(Q94="","",IF(Q94>1.5,"check: markup >150%",IF(Q94<0,"below cost","")))) -> below cost
A95: Lonavala/Mahabaleshwar | B95: - Valley View Beacon Resort, Mahabaleshwar | C95: ~7d · mid-Jul | D95: 2026-08-21 | E95: 2026-08-23 | F95: =IF(OR(D95="",E95=""),1,MAX(1,DATEVALUE(E95)-DATEVALUE(D95))) -> 2 | G95: 17440 | H95: 19911 | N95: =IF(G95="","",G95/F95) -> 8720 | O95: =IF(COUNT(H95:K95)=0,"",MIN(H95:K95)/F95) -> 9955.5 | P95: =IF(L95="","",L95*95/F95) | Q95: =IF(OR(N95="",O95=""),"",(IF(AND(N95>7500,O95>7500),O95/(1+IF(O95<=1000,0,IF(O95<=7500,0.05,0.18)))-IF(AND(N95>7500,O95>7500),N95/1.18,N95),(O95-IF(AND(N95>7500,O95>7500),N95/1.18,N95))/(1+IF(O95<=1000,0,IF(O95<=7500,0.05,0.18)))))/(IF(AND(N95>7500,O95>7500),N95/1.18,N95))) -> 0.14168578 | R95: =IF(OR(N95="",O95=""),"",((O95-N95)/1.18)/N95) -> 0.12007269 | S95: =IF(OR(P95="",O95=""),"",(P95-O95)/O95) | T95: =IF(AND(D95="",G95<>""),"no dates - assumed 1 night",IF(Q95="","",IF(Q95>1.5,"check: markup >150%",IF(Q95<0,"below cost",""))))
A96: Lonavala/Mahabaleshwar | B96: - Valley View Beacon Resort, Mahabaleshwar | C96: ~30d · mid-Aug | D96: 2026-08-27 | E96: 2026-08-30 | F96: =IF(OR(D96="",E96=""),1,MAX(1,DATEVALUE(E96)-DATEVALUE(D96))) -> 3 | G96: 25015 | H96: 28804 | N96: =IF(G96="","",G96/F96) -> 8338.3333 | O96: =IF(COUNT(H96:K96)=0,"",MIN(H96:K96)/F96) -> 9601.3333 | P96: =IF(L96="","",L96*95/F96) | Q96: =IF(OR(N96="",O96=""),"",(IF(AND(N96>7500,O96>7500),O96/(1+IF(O96<=1000,0,IF(O96<=7500,0.05,0.18)))-IF(AND(N96>7500,O96>7500),N96/1.18,N96),(O96-IF(AND(N96>7500,O96>7500),N96/1.18,N96))/(1+IF(O96<=1000,0,IF(O96<=7500,0.05,0.18)))))/(IF(AND(N96>7500,O96>7500),N96/1.18,N96))) -> 0.15146912 | R96: =IF(OR(N96="",O96=""),"",((O96-N96)/1.18)/N96) -> 0.12836366 | S96: =IF(OR(P96="",O96=""),"",(P96-O96)/O96) | T96: =IF(AND(D96="",G96<>""),"no dates - assumed 1 night",IF(Q96="","",IF(Q96>1.5,"check: markup >150%",IF(Q96<0,"below cost",""))))
A97: Lonavala/Mahabaleshwar | B97: - Valley View Beacon Resort, Mahabaleshwar | C97: mid-Oct · Diwali | D97: 2026-09-04 | E97: 2026-09-06 | F97: =IF(OR(D97="",E97=""),1,MAX(1,DATEVALUE(E97)-DATEVALUE(D97))) -> 2 | G97: 21593 | H97: 22920 | N97: =IF(G97="","",G97/F97) -> 10796.5 | O97: =IF(COUNT(H97:K97)=0,"",MIN(H97:K97)/F97) -> 11460 | P97: =IF(L97="","",L97*95/F97) | Q97: =IF(OR(N97="",O97=""),"",(IF(AND(N97>7500,O97>7500),O97/(1+IF(O97<=1000,0,IF(O97<=7500,0.05,0.18)))-IF(AND(N97>7500,O97>7500),N97/1.18,N97),(O97-IF(AND(N97>7500,O97>7500),N97/1.18,N97))/(1+IF(O97<=1000,0,IF(O97<=7500,0.05,0.18)))))/(IF(AND(N97>7500,O97>7500),N97/1.18,N97))) -> 0.061455101 | R97: =IF(OR(N97="",O97=""),"",((O97-N97)/1.18)/N97) -> 0.052080594 | S97: =IF(OR(P97="",O97=""),"",(P97-O97)/O97) | T97: =IF(AND(D97="",G97<>""),"no dates - assumed 1 night",IF(Q97="","",IF(Q97>1.5,"check: markup >150%",IF(Q97<0,"below cost",""))))
A98: Lonavala/Mahabaleshwar | B98: - Valley View Beacon Resort, Mahabaleshwar | C98: 27–30 Dec | D98: 2026-09-11 | E98: 2026-09-13 | F98: =IF(OR(D98="",E98=""),1,MAX(1,DATEVALUE(E98)-DATEVALUE(D98))) -> 2 | G98: 17440 | H98: 19911 | N98: =IF(G98="","",G98/F98) -> 8720 | O98: =IF(COUNT(H98:K98)=0,"",MIN(H98:K98)/F98) -> 9955.5 | P98: =IF(L98="","",L98*95/F98) | Q98: =IF(OR(N98="",O98=""),"",(IF(AND(N98>7500,O98>7500),O98/(1+IF(O98<=1000,0,IF(O98<=7500,0.05,0.18)))-IF(AND(N98>7500,O98>7500),N98/1.18,N98),(O98-IF(AND(N98>7500,O98>7500),N98/1.18,N98))/(1+IF(O98<=1000,0,IF(O98<=7500,0.05,0.18)))))/(IF(AND(N98>7500,O98>7500),N98/1.18,N98))) -> 0.14168578 | R98: =IF(OR(N98="",O98=""),"",((O98-N98)/1.18)/N98) -> 0.12007269 | S98: =IF(OR(P98="",O98=""),"",(P98-O98)/O98) | T98: =IF(AND(D98="",G98<>""),"no dates - assumed 1 night",IF(Q98="","",IF(Q98>1.5,"check: markup >150%",IF(Q98<0,"below cost",""))))
A99: Lonavala/Mahabaleshwar | B99: - Valley View Beacon Resort, Mahabaleshwar | C99: mid-Feb | D99: 2026-09-24 | E99: 2026-09-27 | F99: =IF(OR(D99="",E99=""),1,MAX(1,DATEVALUE(E99)-DATEVALUE(D99))) -> 3 | G99: 25041 | H99: 28804 | N99: =IF(G99="","",G99/F99) -> 8347 | O99: =IF(COUNT(H99:K99)=0,"",MIN(H99:K99)/F99) -> 9601.3333 | P99: =IF(L99="","",L99*95/F99) | Q99: =IF(OR(N99="",O99=""),"",(IF(AND(N99>7500,O99>7500),O99/(1+IF(O99<=1000,0,IF(O99<=7500,0.05,0.18)))-IF(AND(N99>7500,O99>7500),N99/1.18,N99),(O99-IF(AND(N99>7500,O99>7500),N99/1.18,N99))/(1+IF(O99<=1000,0,IF(O99<=7500,0.05,0.18)))))/(IF(AND(N99>7500,O99>7500),N99/1.18,N99))) -> 0.15027355 | R99: =IF(OR(N99="",O99=""),"",((O99-N99)/1.18)/N99) -> 0.12735047 | S99: =IF(OR(P99="",O99=""),"",(P99-O99)/O99) | T99: =IF(AND(D99="",G99<>""),"no dates - assumed 1 night",IF(Q99="","",IF(Q99>1.5,"check: markup >150%",IF(Q99<0,"below cost",""))))
A100: Lonavala/Mahabaleshwar | B100: Aamby Valley City - Spanish Cottage | C100: ~7d · mid-Jul | D100: 2026-08-14 | E100: 2026-08-16 | F100: =IF(OR(D100="",E100=""),1,MAX(1,DATEVALUE(E100)-DATEVALUE(D100))) -> 2 | G100: 41771 | H100: 34641 | N100: =IF(G100="","",G100/F100) -> 20885.5 | O100: =IF(COUNT(H100:K100)=0,"",MIN(H100:K100)/F100) -> 17320.5 | P100: =IF(L100="","",L100*95/F100) | Q100: =IF(OR(N100="",O100=""),"",(IF(AND(N100>7500,O100>7500),O100/(1+IF(O100<=1000,0,IF(O100<=7500,0.05,0.18)))-IF(AND(N100>7500,O100>7500),N100/1.18,N100),(O100-IF(AND(N100>7500,O100>7500),N100/1.18,N100))/(1+IF(O100<=1000,0,IF(O100<=7500,0.05,0.18)))))/(IF(AND(N100>7500,O100>7500),N100/1.18,N100))) -> -0.17069259 | R100: =IF(OR(N100="",O100=""),"",((O100-N100)/1.18)/N100) -> -0.14465473 | S100: =IF(OR(P100="",O100=""),"",(P100-O100)/O100) | T100: =IF(AND(D100="",G100<>""),"no dates - assumed 1 night",IF(Q100="","",IF(Q100>1.5,"check: markup >150%",IF(Q100<0,"below cost","")))) -> below cost
A101: Lonavala/Mahabaleshwar | B101: Aamby Valley City - Spanish Cottage | C101: ~30d · mid-Aug | D101: 2026-08-28 | E101: 2026-08-30 | F101: =IF(OR(D101="",E101=""),1,MAX(1,DATEVALUE(E101)-DATEVALUE(D101))) -> 2 | G101: 30898 | H101: 30931 | N101: =IF(G101="","",G101/F101) -> 15449 | O101: =IF(COUNT(H101:K101)=0,"",MIN(H101:K101)/F101) -> 15465.5 | P101: =IF(L101="","",L101*95/F101) | Q101: =IF(OR(N101="",O101=""),"",(IF(AND(N101>7500,O101>7500),O101/(1+IF(O101<=1000,0,IF(O101<=7500,0.05,0.18)))-IF(AND(N101>7500,O101>7500),N101/1.18,N101),(O101-IF(AND(N101>7500,O101>7500),N101/1.18,N101))/(1+IF(O101<=1000,0,IF(O101<=7500,0.05,0.18)))))/(IF(AND(N101>7500,O101>7500),N101/1.18,N101))) -> 0.0010680303 | R101: =IF(OR(N101="",O101=""),"",((O101-N101)/1.18)/N101) -> 0.00090511042 | S101: =IF(OR(P101="",O101=""),"",(P101-O101)/O101) | T101: =IF(AND(D101="",G101<>""),"no dates - assumed 1 night",IF(Q101="","",IF(Q101>1.5,"check: markup >150%",IF(Q101<0,"below cost",""))))
A102: Lonavala/Mahabaleshwar | B102: Aamby Valley City - Spanish Cottage | C102: 27–30 Dec | D102: 2026-09-12 | E102: 2026-09-13 | F102: =IF(OR(D102="",E102=""),1,MAX(1,DATEVALUE(E102)-DATEVALUE(D102))) -> 1 | G102: 16021 | H102: 15834 | N102: =IF(G102="","",G102/F102) -> 16021 | O102: =IF(COUNT(H102:K102)=0,"",MIN(H102:K102)/F102) -> 15834 | P102: =IF(L102="","",L102*95/F102) | Q102: =IF(OR(N102="",O102=""),"",(IF(AND(N102>7500,O102>7500),O102/(1+IF(O102<=1000,0,IF(O102<=7500,0.05,0.18)))-IF(AND(N102>7500,O102>7500),N102/1.18,N102),(O102-IF(AND(N102>7500,O102>7500),N102/1.18,N102))/(1+IF(O102<=1000,0,IF(O102<=7500,0.05,0.18)))))/(IF(AND(N102>7500,O102>7500),N102/1.18,N102))) -> -0.01167218 | R102: =IF(OR(N102="",O102=""),"",((O102-N102)/1.18)/N102) -> -0.0098916782 | S102: =IF(OR(P102="",O102=""),"",(P102-O102)/O102) | T102: =IF(AND(D102="",G102<>""),"no dates - assumed 1 night",IF(Q102="","",IF(Q102>1.5,"check: markup >150%",IF(Q102<0,"below cost","")))) -> below cost
A103: Lonavala/Mahabaleshwar | B103: Aamby Valley City - Spanish Cottage | C103: mid-Feb | D103: 2026-08-21 | E103: 2026-08-23 | F103: =IF(OR(D103="",E103=""),1,MAX(1,DATEVALUE(E103)-DATEVALUE(D103))) -> 2 | G103: 32041 | H103: 32362 | N103: =IF(G103="","",G103/F103) -> 16020.5 | O103: =IF(COUNT(H103:K103)=0,"",MIN(H103:K103)/F103) -> 16181 | P103: =IF(L103="","",L103*95/F103) | Q103: =IF(OR(N103="",O103=""),"",(IF(AND(N103>7500,O103>7500),O103/(1+IF(O103<=1000,0,IF(O103<=7500,0.05,0.18)))-IF(AND(N103>7500,O103>7500),N103/1.18,N103),(O103-IF(AND(N103>7500,O103>7500),N103/1.18,N103))/(1+IF(O103<=1000,0,IF(O103<=7500,0.05,0.18)))))/(IF(AND(N103>7500,O103>7500),N103/1.18,N103))) -> 0.010018414 | R103: =IF(OR(N103="",O103=""),"",((O103-N103)/1.18)/N103) -> 0.0084901813 | S103: =IF(OR(P103="",O103=""),"",(P103-O103)/O103) | T103: =IF(AND(D103="",G103<>""),"no dates - assumed 1 night",IF(Q103="","",IF(Q103>1.5,"check: markup >150%",IF(Q103<0,"below cost",""))))
A104: Lonavala/Mahabaleshwar | B104: Della Resorts | C104: ~7d · mid-Jul | D104: 2026-08-14 | E104: 2026-08-16 | F104: =IF(OR(D104="",E104=""),1,MAX(1,DATEVALUE(E104)-DATEVALUE(D104))) -> 2 | G104: 48017 | H104: 51770 | N104: =IF(G104="","",G104/F104) -> 24008.5 | O104: =IF(COUNT(H104:K104)=0,"",MIN(H104:K104)/F104) -> 25885 | P104: =IF(L104="","",L104*95/F104) | Q104: =IF(OR(N104="",O104=""),"",(IF(AND(N104>7500,O104>7500),O104/(1+IF(O104<=1000,0,IF(O104<=7500,0.05,0.18)))-IF(AND(N104>7500,O104>7500),N104/1.18,N104),(O104-IF(AND(N104>7500,O104>7500),N104/1.18,N104))/(1+IF(O104<=1000,0,IF(O104<=7500,0.05,0.18)))))/(IF(AND(N104>7500,O104>7500),N104/1.18,N104))) -> 0.078159818 | R104: =IF(OR(N104="",O104=""),"",((O104-N104)/1.18)/N104) -> 0.066237134 | S104: =IF(OR(P104="",O104=""),"",(P104-O104)/O104) | T104: =IF(AND(D104="",G104<>""),"no dates - assumed 1 night",IF(Q104="","",IF(Q104>1.5,"check: markup >150%",IF(Q104<0,"below cost",""))))
... A107: Lonavala/Mahabaleshwar | B107: Della Resorts | C107: 27–30 Dec | D107: 2026-09-12 | E107: 2026-09-13 | F107: =IF(OR(D107="",E107=""),1,MAX(1,DATEVALUE(E107)-DATEVALUE(D107))) -> 1 | G107: 21392 | H107: 23030 | N107: =IF(G107="","",G107/F107) -> 21392 | O107: =IF(COUNT(H107:K107)=0,"",MIN(H107:K107)/F107) -> 23030 | P107: =IF(L107="","",L107*95/F107) | Q107: =IF(OR(N107="",O107=""),"",(IF(AND(N107>7500,O107>7500),O107/(1+IF(O107<=1000,0,IF(O107<=7500,0.05,0.18)))-IF(AND(N107>7500,O107>7500),N107/1.18,N107),(O107-IF(AND(N107>7500,O107>7500),N107/1.18,N107))/(1+IF(O107<=1000,0,IF(O107<=7500,0.05,0.18)))))/(IF(AND(N107>7500,O107>7500),N107/1.18,N107))) -> 0.076570681 | R107: =IF(OR(N107="",O107=""),"",((O107-N107)/1.18)/N107) -> 0.064890407 | S107: =IF(OR(P107="",O107=""),"",(P107-O107)/O107) | T107: =IF(AND(D107="",G107<>""),"no dates - assumed 1 night",IF(Q107="","",IF(Q107>1.5,"check: markup >150%",IF(Q107<0,"below cost",""))))
A109: Blue cells are inputs (edit these). Grey/black columns are formulas and recalculate automatically. USD converted at 1 USD = 95.0 INR.

Sheet Mussorie
A1: City | B1: Property | C1: Season slot | D1: Check-in | E1: Check-out | F1: Nights | G1: TBO (stay) | H1: MMT (stay) | I1: Goibibo (stay) | J1: Booking (stay) | K1: Agoda (stay) | L1: Rove ($) | M1: Return % | N1: TBO / night | O1: Cheapest OTA / night | P1: Rove / night (INR) | Q1: Markup % | R1: Agent % | S1: Rove mk % | T1: Flag
A2: Mussorie | B2: - Fairfield by Marriott Dehradun | C2: ~7d · mid-Jul | D2: 2026-08-27 | E2: 2026-08-30 | F2: =IF(OR(D2="",E2=""),1,MAX(1,DATEVALUE(E2)-DATEVALUE(D2))) -> 3 | G2: 26211 | H2: 27345 | N2: =IF(G2="","",G2/F2) -> 8737 | O2: =IF(COUNT(H2:K2)=0,"",MIN(H2:K2)/F2) -> 9115 | P2: =IF(L2="","",L2*95/F2) | Q2: =IF(OR(N2="",O2=""),"",(IF(AND(N2>7500,O2>7500),O2/(1+IF(O2<=1000,0,IF(O2<=7500,0.05,0.18)))-IF(AND(N2>7500,O2>7500),N2/1.18,N2),(O2-IF(AND(N2>7500,O2>7500),N2/1.18,N2))/(1+IF(O2<=1000,0,IF(O2<=7500,0.05,0.18)))))/(IF(AND(N2>7500,O2>7500),N2/1.18,N2))) -> 0.043264278 | R2: =IF(OR(N2="",O2=""),"",((O2-N2)/1.18)/N2) -> 0.036664643 | S2: =IF(OR(P2="",O2=""),"",(P2-O2)/O2) | T2: =IF(AND(D2="",G2<>""),"no dates - assumed 1 night",IF(Q2="","",IF(Q2>1.5,"check: markup >150%",IF(Q2<0,"below cost",""))))
A3: Mussorie | B3: - Fairfield by Marriott Dehradun | C3: ~30d · mid-Aug | D3: 2026-09-24 | E3: 2026-09-27 | F3: =IF(OR(D3="",E3=""),1,MAX(1,DATEVALUE(E3)-DATEVALUE(D3))) -> 3 | G3: 26776 | H3: 27935 | N3: =IF(G3="","",G3/F3) -> 8925.3333 | O3: =IF(COUNT(H3:K3)=0,"",MIN(H3:K3)/F3) -> 9311.6667 | P3: =IF(L3="","",L3*95/F3) | Q3: =IF(OR(N3="",O3=""),"",(IF(AND(N3>7500,O3>7500),O3/(1+IF(O3<=1000,0,IF(O3<=7500,0.05,0.18)))-IF(AND(N3>7500,O3>7500),N3/1.18,N3),(O3-IF(AND(N3>7500,O3>7500),N3/1.18,N3))/(1+IF(O3<=1000,0,IF(O3<=7500,0.05,0.18)))))/(IF(AND(N3>7500,O3>7500),N3/1.18,N3))) -> 0.043285031 | R3: =IF(OR(N3="",O3=""),"",((O3-N3)/1.18)/N3) -> 0.03668223 | S3: =IF(OR(P3="",O3=""),"",(P3-O3)/O3) | T3: =IF(AND(D3="",G3<>""),"no dates - assumed 1 night",IF(Q3="","",IF(Q3>1.5,"check: markup >150%",IF(Q3<0,"below cost",""))))
A4: Mussorie | B4: - Fairfield by Marriott Dehradun | C4: mid-Oct · Diwali | D4: 2026-10-08 | E4: 2026-10-11 | F4: =IF(OR(D4="",E4=""),1,MAX(1,DATEVALUE(E4)-DATEVALUE(D4))) -> 3 | G4: 33874 | H4: 35518 | N4: =IF(G4="","",G4/F4) -> 11291.333 | O4: =IF(COUNT(H4:K4)=0,"",MIN(H4:K4)/F4) -> 11839.333 | P4: =IF(L4="","",L4*95/F4) | Q4: =IF(OR(N4="",O4=""),"",(IF(AND(N4>7500,O4>7500),O4/(1+IF(O4<=1000,0,IF(O4<=7500,0.05,0.18)))-IF(AND(N4>7500,O4>7500),N4/1.18,N4),(O4-IF(AND(N4>7500,O4>7500),N4/1.18,N4))/(1+IF(O4<=1000,0,IF(O4<=7500,0.05,0.18)))))/(IF(AND(N4>7500,O4>7500),N4/1.18,N4))) -> 0.048532798 | R4: =IF(OR(N4="",O4=""),"",((O4-N4)/1.18)/N4) -> 0.04112949 | S4: =IF(OR(P4="",O4=""),"",(P4-O4)/O4) | T4: =IF(AND(D4="",G4<>""),"no dates - assumed 1 night",IF(Q4="","",IF(Q4>1.5,"check: markup >150%",IF(Q4<0,"below cost",""))))
A5: Mussorie | B5: - Fairfield by Marriott Dehradun | C5: 27–30 Dec | D5: 2026-11-12 | E5: 2026-11-15 | F5: =IF(OR(D5="",E5=""),1,MAX(1,DATEVALUE(E5)-DATEVALUE(D5))) -> 3 | G5: 52522 | H5: 54870 | N5: =IF(G5="","",G5/F5) -> 17507.333 | O5: =IF(COUNT(H5:K5)=0,"",MIN(H5:K5)/F5) -> 18290 | P5: =IF(L5="","",L5*95/F5) | Q5: =IF(OR(N5="",O5=""),"",(IF(AND(N5>7500,O5>7500),O5/(1+IF(O5<=1000,0,IF(O5<=7500,0.05,0.18)))-IF(AND(N5>7500,O5>7500),N5/1.18,N5),(O5-IF(AND(N5>7500,O5>7500),N5/1.18,N5))/(1+IF(O5<=1000,0,IF(O5<=7500,0.05,0.18)))))/(IF(AND(N5>7500,O5>7500),N5/1.18,N5))) -> 0.044705076 | R5: =IF(OR(N5="",O5=""),"",((O5-N5)/1.18)/N5) -> 0.037885658 | S5: =IF(OR(P5="",O5=""),"",(P5-O5)/O5) | T5: =IF(AND(D5="",G5<>""),"no dates - assumed 1 night",IF(Q5="","",IF(Q5>1.5,"check: markup >150%",IF(Q5<0,"below cost",""))))
A6: Mussorie | B6: - Fairfield by Marriott Dehradun | C6: mid-Feb | D6: 2026-12-30 | E6: 2027-01-02 | F6: =IF(OR(D6="",E6=""),1,MAX(1,DATEVALUE(E6)-DATEVALUE(D6))) -> 3 | G6: 56305 | H6: 58410 | N6: =IF(G6="","",G6/F6) -> 18768.333 | O6: =IF(COUNT(H6:K6)=0,"",MIN(H6:K6)/F6) -> 19470 | P6: =IF(L6="","",L6*95/F6) | Q6: =IF(OR(N6="",O6=""),"",(IF(AND(N6>7500,O6>7500),O6/(1+IF(O6<=1000,0,IF(O6<=7500,0.05,0.18)))-IF(AND(N6>7500,O6>7500),N6/1.18,N6),(O6-IF(AND(N6>7500,O6>7500),N6/1.18,N6))/(1+IF(O6<=1000,0,IF(O6<=7500,0.05,0.18)))))/(IF(AND(N6>7500,O6>7500),N6/1.18,N6))) -> 0.037385667 | R6: =IF(OR(N6="",O6=""),"",((O6-N6)/1.18)/N6) -> 0.031682769 | S6: =IF(OR(P6="",O6=""),"",(P6-O6)/O6) | T6: =IF(AND(D6="",G6<>""),"no dates - assumed 1 night",IF(Q6="","",IF(Q6>1.5,"check: markup >150%",IF(Q6<0,"below cost",""))))
A7: Mussorie | B7: - Fortune Resort Grace, Mussoorie - Member ITC Hotels' Group | C7: ~7d · mid-Jul | D7: 2026-08-27 | E7: 2026-08-30 | F7: =IF(OR(D7="",E7=""),1,MAX(1,DATEVALUE(E7)-DATEVALUE(D7))) -> 3 | G7: 30021 | H7: 35021 | N7: =IF(G7="","",G7/F7) -> 10007 | O7: =IF(COUNT(H7:K7)=0,"",MIN(H7:K7)/F7) -> 11673.667 | P7: =IF(L7="","",L7*95/F7) | Q7: =IF(OR(N7="",O7=""),"",(IF(AND(N7>7500,O7>7500),O7/(1+IF(O7<=1000,0,IF(O7<=7500,0.05,0.18)))-IF(AND(N7>7500,O7>7500),N7/1.18,N7),(O7-IF(AND(N7>7500,O7>7500),N7/1.18,N7))/(1+IF(O7<=1000,0,IF(O7<=7500,0.05,0.18)))))/(IF(AND(N7>7500,O7>7500),N7/1.18,N7))) -> 0.16655008 | R7: =IF(OR(N7="",O7=""),"",((O7-N7)/1.18)/N7) -> 0.14114414 | S7: =IF(OR(P7="",O7=""),"",(P7-O7)/O7) | T7: =IF(AND(D7="",G7<>""),"no dates - assumed 1 night",IF(Q7="","",IF(Q7>1.5,"check: markup >150%",IF(Q7<0,"below cost",""))))
A8: Mussorie | B8: - Fortune Resort Grace, Mussoorie - Member ITC Hotels' Group | C8: ~30d · mid-Aug | D8: 2026-09-24 | E8: 2026-09-27 | F8: =IF(OR(D8="",E8=""),1,MAX(1,DATEVALUE(E8)-DATEVALUE(D8))) -> 3 | G8: 29576 | H8: 34502 | N8: =IF(G8="","",G8/F8) -> 9858.6667 | O8: =IF(COUNT(H8:K8)=0,"",MIN(H8:K8)/F8) -> 11500.667 | P8: =IF(L8="","",L8*95/F8) | Q8: =IF(OR(N8="",O8=""),"",(IF(AND(N8>7500,O8>7500),O8/(1+IF(O8<=1000,0,IF(O8<=7500,0.05,0.18)))-IF(AND(N8>7500,O8>7500),N8/1.18,N8),(O8-IF(AND(N8>7500,O8>7500),N8/1.18,N8))/(1+IF(O8<=1000,0,IF(O8<=7500,0.05,0.18)))))/(IF(AND(N8>7500,O8>7500),N8/1.18,N8))) -> 0.16655396 | R8: =IF(OR(N8="",O8=""),"",((O8-N8)/1.18)/N8) -> 0.14114743 | S8: =IF(OR(P8="",O8=""),"",(P8-O8)/O8) | T8: =IF(AND(D8="",G8<>""),"no dates - assumed 1 night",IF(Q8="","",IF(Q8>1.5,"check: markup >150%",IF(Q8<0,"below cost",""))))
A9: Mussorie | B9: - Fortune Resort Grace, Mussoorie - Member ITC Hotels' Group | C9: mid-Oct · Diwali | D9: 2026-10-08 | E9: 2026-10-11 | F9: =IF(OR(D9="",E9=""),1,MAX(1,DATEVALUE(E9)-DATEVALUE(D9))) -> 3 | G9: 32262 | H9: 37635 | N9: =IF(G9="","",G9/F9) -> 10754 | O9: =IF(COUNT(H9:K9)=0,"",MIN(H9:K9)/F9) -> 12545 | P9: =IF(L9="","",L9*95/F9) | Q9: =IF(OR(N9="",O9=""),"",(IF(AND(N9>7500,O9>7500),O9/(1+IF(O9<=1000,0,IF(O9<=7500,0.05,0.18)))-IF(AND(N9>7500,O9>7500),N9/1.18,N9),(O9-IF(AND(N9>7500,O9>7500),N9/1.18,N9))/(1+IF(O9<=1000,0,IF(O9<=7500,0.05,0.18)))))/(IF(AND(N9>7500,O9>7500),N9/1.18,N9))) -> 0.16654268 | R9: =IF(OR(N9="",O9=""),"",((O9-N9)/1.18)/N9) -> 0.14113787 | S9: =IF(OR(P9="",O9=""),"",(P9-O9)/O9) | T9: =IF(AND(D9="",G9<>""),"no dates - assumed 1 night",IF(Q9="","",IF(Q9>1.5,"check: markup >150%",IF(Q9<0,"below cost",""))))
A10: Mussorie | B10: - Fortune Resort Grace, Mussoorie - Member ITC Hotels' Group | C10: 27–30 Dec | D10: 2026-11-12 | E10: 2026-11-15 | F10: =IF(OR(D10="",E10=""),1,MAX(1,DATEVALUE(E10)-DATEVALUE(D10))) -> 3 | G10: 39164 | H10: 44276 | N10: =IF(G10="","",G10/F10) -> 13054.667 | O10: =IF(COUNT(H10:K10)=0,"",MIN(H10:K10)/F10) -> 14758.667 | P10: =IF(L10="","",L10*95/F10) | Q10: =IF(OR(N10="",O10=""),"",(IF(AND(N10>7500,O10>7500),O10/(1+IF(O10<=1000,0,IF(O10<=7500,0.05,0.18)))-IF(AND(N10>7500,O10>7500),N10/1.18,N10),(O10-IF(AND(N10>7500,O10>7500),N10/1.18,N10))/(1+IF(O10<=1000,0,IF(O10<=7500,0.05,0.18)))))/(IF(AND(N10>7500,O10>7500),N10/1.18,N10))) -> 0.13052804 | R10: =IF(OR(N10="",O10=""),"",((O10-N10)/1.18)/N10) -> 0.11061698 | S10: =IF(OR(P10="",O10=""),"",(P10-O10)/O10) | T10: =IF(AND(D10="",G10<>""),"no dates - assumed 1 night",IF(Q10="","",IF(Q10>1.5,"check: markup >150%",IF(Q10<0,"below cost",""))))
A11: Mussorie | B11: - Hyatt Centric Rajpur Road Dehradun | C11: ~7d · mid-Jul | D11: 2026-08-27 | E11: 2026-08-30 | F11: =IF(OR(D11="",E11=""),1,MAX(1,DATEVALUE(E11)-DATEVALUE(D11))) -> 3 | G11: 28748 | H11: 34480 | N11: =IF(G11="","",G11/F11) -> 9582.6667 | O11: =IF(COUNT(H11:K11)=0,"",MIN(H11:K11)/F11) -> 11493.333 | P11: =IF(L11="","",L11*95/F11) | Q11: =IF(OR(N11="",O11=""),"",(IF(AND(N11>7500,O11>7500),O11/(1+IF(O11<=1000,0,IF(O11<=7500,0.05,0.18)))-IF(AND(N11>7500,O11>7500),N11/1.18,N11),(O11-IF(AND(N11>7500,O11>7500),N11/1.18,N11))/(1+IF(O11<=1000,0,IF(O11<=7500,0.05,0.18)))))/(IF(AND(N11>7500,O11>7500),N11/1.18,N11))) -> 0.19938778 | R11: =IF(OR(N11="",O11=""),"",((O11-N11)/1.18)/N11) -> 0.1689727 | S11: =IF(OR(P11="",O11=""),"",(P11-O11)/O11) | T11: =IF(AND(D11="",G11<>""),"no dates - assumed 1 night",IF(Q11="","",IF(Q11>1.5,"check: markup >150%",IF(Q11<0,"below cost",""))))
A12: Mussorie | B12: - Hyatt Centric Rajpur Road Dehradun | C12: ~30d · mid-Aug | D12: 2026-09-24 | E12: 2026-09-27 | F12: =IF(OR(D12="",E12=""),1,MAX(1,DATEVALUE(E12)-DATEVALUE(D12))) -> 3 | G12: 31447 | H12: 37307 | N12: =IF(G12="","",G12/F12) -> 10482.333 | O12: =IF(COUNT(H12:K12)=0,"",MIN(H12:K12)/F12) -> 12435.667 | P12: =IF(L12="","",L12*95/F12) | Q12: =IF(OR(N12="",O12=""),"",(IF(AND(N12>7500,O12>7500),O12/(1+IF(O12<=1000,0,IF(O12<=7500,0.05,0.18)))-IF(AND(N12>7500,O12>7500),N12/1.18,N12),(O12-IF(AND(N12>7500,O12>7500),N12/1.18,N12))/(1+IF(O12<=1000,0,IF(O12<=7500,0.05,0.18)))))/(IF(AND(N12>7500,O12>7500),N12/1.18,N12))) -> 0.18634528 | R12: =IF(OR(N12="",O12=""),"",((O12-N12)/1.18)/N12) -> 0.15791973 | S12: =IF(OR(P12="",O12=""),"",(P12-O12)/O12) | T12: =IF(AND(D12="",G12<>""),"no dates - assumed 1 night",IF(Q12="","",IF(Q12>1.5,"check: markup >150%",IF(Q12<0,"below cost",""))))
A13: Mussorie | B13: - Hyatt Centric Rajpur Road Dehradun | C13: mid-Oct · Diwali | D13: 2026-10-08 | E13: 2026-10-11 | F13: =IF(OR(D13="",E13=""),1,MAX(1,DATEVALUE(E13)-DATEVALUE(D13))) -> 3 | G13: 33300 | H13: 39002 | N13: =IF(G13="","",G13/F13) -> 11100 | O13: =IF(COUNT(H13:K13)=0,"",MIN(H13:K13)/F13) -> 13000.667 | P13: =IF(L13="","",L13*95/F13) | Q13: =IF(OR(N13="",O13=""),"",(IF(AND(N13>7500,O13>7500),O13/(1+IF(O13<=1000,0,IF(O13<=7500,0.05,0.18)))-IF(AND(N13>7500,O13>7500),N13/1.18,N13),(O13-IF(AND(N13>7500,O13>7500),N13/1.18,N13))/(1+IF(O13<=1000,0,IF(O13<=7500,0.05,0.18)))))/(IF(AND(N13>7500,O13>7500),N13/1.18,N13))) -> 0.17123123 | R13: =IF(OR(N13="",O13=""),"",((O13-N13)/1.18)/N13) -> 0.14511121 | S13: =IF(OR(P13="",O13=""),"",(P13-O13)/O13) | T13: =IF(AND(D13="",G13<>""),"no dates - assumed 1 night",IF(Q13="","",IF(Q13>1.5,"check: markup >150%",IF(Q13<0,"below cost",""))))
... A33: Mussorie | B33: - Sterling GK Exotica | C33: 27–30 Dec | D33: 2026-11-12 | E33: 2026-11-15 | F33: =IF(OR(D33="",E33=""),1,MAX(1,DATEVALUE(E33)-DATEVALUE(D33))) -> 3 | G33: 14061 | H33: 16218 | N33: =IF(G33="","",G33/F33) -> 4687 | O33: =IF(COUNT(H33:K33)=0,"",MIN(H33:K33)/F33) -> 5406 | P33: =IF(L33="","",L33*95/F33) | Q33: =IF(OR(N33="",O33=""),"",(IF(AND(N33>7500,O33>7500),O33/(1+IF(O33<=1000,0,IF(O33<=7500,0.05,0.18)))-IF(AND(N33>7500,O33>7500),N33/1.18,N33),(O33-IF(AND(N33>7500,O33>7500),N33/1.18,N33))/(1+IF(O33<=1000,0,IF(O33<=7500,0.05,0.18)))))/(IF(AND(N33>7500,O33>7500),N33/1.18,N33))) -> 0.14609812 | R33: =IF(OR(N33="",O33=""),"",((O33-N33)/1.18)/N33) -> 0.13000257 | S33: =IF(OR(P33="",O33=""),"",(P33-O33)/O33) | T33: =IF(AND(D33="",G33<>""),"no dates - assumed 1 night",IF(Q33="","",IF(Q33>1.5,"check: markup >150%",IF(Q33<0,"below cost",""))))
A34: Mussorie | B34: - Sterling GK Exotica | C34: mid-Feb | D34: 2026-12-30 | E34: 2027-01-02 | F34: =IF(OR(D34="",E34=""),1,MAX(1,DATEVALUE(E34)-DATEVALUE(D34))) -> 3 | G34: 14520 | H34: 16218 | L34: 150005 | N34: =IF(G34="","",G34/F34) -> 4840 | O34: =IF(COUNT(H34:K34)=0,"",MIN(H34:K34)/F34) -> 5406 | P34: =IF(L34="","",L34*95/F34) -> 4750158.3 | Q34: =IF(OR(N34="",O34=""),"",(IF(AND(N34>7500,O34>7500),O34/(1+IF(O34<=1000,0,IF(O34<=7500,0.05,0.18)))-IF(AND(N34>7500,O34>7500),N34/1.18,N34),(O34-IF(AND(N34>7500,O34>7500),N34/1.18,N34))/(1+IF(O34<=1000,0,IF(O34<=7500,0.05,0.18)))))/(IF(AND(N34>7500,O34>7500),N34/1.18,N34))) -> 0.11137348 | R34: =IF(OR(N34="",O34=""),"",((O34-N34)/1.18)/N34) -> 0.099103516 | S34: =IF(OR(P34="",O34=""),"",(P34-O34)/O34) -> 877.68264 | T34: =IF(AND(D34="",G34<>""),"no dates - assumed 1 night",IF(Q34="","",IF(Q34>1.5,"check: markup >150%",IF(Q34<0,"below cost",""))))
A35: Mussorie | B35: - Taj Mussoorie Foothills, Dehradun | C35: ~7d · mid-Jul | D35: 2026-08-27 | E35: 2026-08-30 | F35: =IF(OR(D35="",E35=""),1,MAX(1,DATEVALUE(E35)-DATEVALUE(D35))) -> 3 | G35: 62241 | H35: 69620 | N35: =IF(G35="","",G35/F35) -> 20747 | O35: =IF(COUNT(H35:K35)=0,"",MIN(H35:K35)/F35) -> 23206.667 | P35: =IF(L35="","",L35*95/F35) | Q35: =IF(OR(N35="",O35=""),"",(IF(AND(N35>7500,O35>7500),O35/(1+IF(O35<=1000,0,IF(O35<=7500,0.05,0.18)))-IF(AND(N35>7500,O35>7500),N35/1.18,N35),(O35-IF(AND(N35>7500,O35>7500),N35/1.18,N35))/(1+IF(O35<=1000,0,IF(O35<=7500,0.05,0.18)))))/(IF(AND(N35>7500,O35>7500),N35/1.18,N35))) -> 0.11855529 | R35: =IF(OR(N35="",O35=""),"",((O35-N35)/1.18)/N35) -> 0.10047059 | S35: =IF(OR(P35="",O35=""),"",(P35-O35)/O35) | T35: =IF(AND(D35="",G35<>""),"no dates - assumed 1 night",IF(Q35="","",IF(Q35>1.5,"check: markup >150%",IF(Q35<0,"below cost",""))))
A36: Mussorie | B36: - Taj Mussoorie Foothills, Dehradun | C36: ~30d · mid-Aug | D36: 2026-09-24 | E36: 2026-09-27 | F36: =IF(OR(D36="",E36=""),1,MAX(1,DATEVALUE(E36)-DATEVALUE(D36))) -> 3 | G36: 62700 | H36: 71390 | N36: =IF(G36="","",G36/F36) -> 20900 | O36: =IF(COUNT(H36:K36)=0,"",MIN(H36:K36)/F36) -> 23796.667 | P36: =IF(L36="","",L36*95/F36) | Q36: =IF(OR(N36="",O36=""),"",(IF(AND(N36>7500,O36>7500),O36/(1+IF(O36<=1000,0,IF(O36<=7500,0.05,0.18)))-IF(AND(N36>7500,O36>7500),N36/1.18,N36),(O36-IF(AND(N36>7500,O36>7500),N36/1.18,N36))/(1+IF(O36<=1000,0,IF(O36<=7500,0.05,0.18)))))/(IF(AND(N36>7500,O36>7500),N36/1.18,N36))) -> 0.13859649 | R36: =IF(OR(N36="",O36=""),"",((O36-N36)/1.18)/N36) -> 0.11745465 | S36: =IF(OR(P36="",O36=""),"",(P36-O36)/O36) | T36: =IF(AND(D36="",G36<>""),"no dates - assumed 1 night",IF(Q36="","",IF(Q36>1.5,"check: markup >150%",IF(Q36<0,"below cost",""))))
A37: Mussorie | B37: - Taj Mussoorie Foothills, Dehradun | C37: mid-Oct · Diwali | D37: 2026-10-08 | E37: 2026-10-11 | F37: =IF(OR(D37="",E37=""),1,MAX(1,DATEVALUE(E37)-DATEVALUE(D37))) -> 3 | G37: 81783 | H37: 92040 | N37: =IF(G37="","",G37/F37) -> 27261 | O37: =IF(COUNT(H37:K37)=0,"",MIN(H37:K37)/F37) -> 30680 | P37: =IF(L37="","",L37*95/F37) | Q37: =IF(OR(N37="",O37=""),"",(IF(AND(N37>7500,O37>7500),O37/(1+IF(O37<=1000,0,IF(O37<=7500,0.05,0.18)))-IF(AND(N37>7500,O37>7500),N37/1.18,N37),(O37-IF(AND(N37>7500,O37>7500),N37/1.18,N37))/(1+IF(O37<=1000,0,IF(O37<=7500,0.05,0.18)))))/(IF(AND(N37>7500,O37>7500),N37/1.18,N37))) -> 0.12541726 | R37: =IF(OR(N37="",O37=""),"",((O37-N37)/1.18)/N37) -> 0.10628582 | S37: =IF(OR(P37="",O37=""),"",(P37-O37)/O37) | T37: =IF(AND(D37="",G37<>""),"no dates - assumed 1 night",IF(Q37="","",IF(Q37>1.5,"check: markup >150%",IF(Q37<0,"below cost",""))))
A38: Mussorie | B38: - Taj Mussoorie Foothills, Dehradun | C38: 27–30 Dec | D38: 2026-11-12 | E38: 2026-11-15 | F38: =IF(OR(D38="",E38=""),1,MAX(1,DATEVALUE(E38)-DATEVALUE(D38))) -> 3 | G38: 176514 | H38: 197060 | N38: =IF(G38="","",G38/F38) -> 58838 | O38: =IF(COUNT(H38:K38)=0,"",MIN(H38:K38)/F38) -> 65686.667 | P38: =IF(L38="","",L38*95/F38) | Q38: =IF(OR(N38="",O38=""),"",(IF(AND(N38>7500,O38>7500),O38/(1+IF(O38<=1000,0,IF(O38<=7500,0.05,0.18)))-IF(AND(N38>7500,O38>7500),N38/1.18,N38),(O38-IF(AND(N38>7500,O38>7500),N38/1.18,N38))/(1+IF(O38<=1000,0,IF(O38<=7500,0.05,0.18)))))/(IF(AND(N38>7500,O38>7500),N38/1.18,N38))) -> 0.1163987 | R38: =IF(OR(N38="",O38=""),"",((O38-N38)/1.18)/N38) -> 0.098642965 | S38: =IF(OR(P38="",O38=""),"",(P38-O38)/O38) | T38: =IF(AND(D38="",G38<>""),"no dates - assumed 1 night",IF(Q38="","",IF(Q38>1.5,"check: markup >150%",IF(Q38<0,"below cost",""))))
A39: Mussorie | B39: - Taj Mussoorie Foothills, Dehradun | C39: mid-Feb | F39: =IF(OR(D39="",E39=""),1,MAX(1,DATEVALUE(E39)-DATEVALUE(D39))) -> 1 | G39: 160660 | H39: 179360 | N39: =IF(G39="","",G39/F39) -> 160660 | O39: =IF(COUNT(H39:K39)=0,"",MIN(H39:K39)/F39) -> 179360 | P39: =IF(L39="","",L39*95/F39) | Q39: =IF(OR(N39="",O39=""),"",(IF(AND(N39>7500,O39>7500),O39/(1+IF(O39<=1000,0,IF(O39<=7500,0.05,0.18)))-IF(AND(N39>7500,O39>7500),N39/1.18,N39),(O39-IF(AND(N39>7500,O39>7500),N39/1.18,N39))/(1+IF(O39<=1000,0,IF(O39<=7500,0.05,0.18)))))/(IF(AND(N39>7500,O39>7500),N39/1.18,N39))) -> 0.11639487 | R39: =IF(OR(N39="",O39=""),"",((O39-N39)/1.18)/N39) -> 0.098639721 | S39: =IF(OR(P39="",O39=""),"",(P39-O39)/O39) | T39: =IF(AND(D39="",G39<>""),"no dates - assumed 1 night",IF(Q39="","",IF(Q39>1.5,"check: markup >150%",IF(Q39<0,"below cost","")))) -> no dates - assumed 1 night
A40: Mussorie | B40: - The Fern Brentwood Resort Mussoorie, Series by Marriott | C40: 27–30 Dec | D40: 2026-11-12 | E40: 2026-11-15 | F40: =IF(OR(D40="",E40=""),1,MAX(1,DATEVALUE(E40)-DATEVALUE(D40))) -> 3 | H40: 59040 | N40: =IF(G40="","",G40/F40) | O40: =IF(COUNT(H40:K40)=0,"",MIN(H40:K40)/F40) -> 19680 | P40: =IF(L40="","",L40*95/F40) | Q40: =IF(OR(N40="",O40=""),"",(IF(AND(N40>7500,O40>7500),O40/(1+IF(O40<=1000,0,IF(O40<=7500,0.05,0.18)))-IF(AND(N40>7500,O40>7500),N40/1.18,N40),(O40-IF(AND(N40>7500,O40>7500),N40/1.18,N40))/(1+IF(O40<=1000,0,IF(O40<=7500,0.05,0.18)))))/(IF(AND(N40>7500,O40>7500),N40/1.18,N40))) | R40: =IF(OR(N40="",O40=""),"",((O40-N40)/1.18)/N40) | S40: =IF(OR(P40="",O40=""),"",(P40-O40)/O40) | T40: =IF(AND(D40="",G40<>""),"no dates - assumed 1 night",IF(Q40="","",IF(Q40>1.5,"check: markup >150%",IF(Q40<0,"below cost",""))))
A41: Mussorie | B41: - WelcomHeritage Kasmanda Palace Mussoorie | C41: ~7d · mid-Jul | D41: 2026-08-27 | E41: 2026-08-30 | F41: =IF(OR(D41="",E41=""),1,MAX(1,DATEVALUE(E41)-DATEVALUE(D41))) -> 3 | G41: 29218 | H41: 46494 | N41: =IF(G41="","",G41/F41) -> 9739.3333 | O41: =IF(COUNT(H41:K41)=0,"",MIN(H41:K41)/F41) -> 15498 | P41: =IF(L41="","",L41*95/F41) | Q41: =IF(OR(N41="",O41=""),"",(IF(AND(N41>7500,O41>7500),O41/(1+IF(O41<=1000,0,IF(O41<=7500,0.05,0.18)))-IF(AND(N41>7500,O41>7500),N41/1.18,N41),(O41-IF(AND(N41>7500,O41>7500),N41/1.18,N41))/(1+IF(O41<=1000,0,IF(O41<=7500,0.05,0.18)))))/(IF(AND(N41>7500,O41>7500),N41/1.18,N41))) -> 0.59127935 | R41: =IF(OR(N41="",O41=""),"",((O41-N41)/1.18)/N41) -> 0.50108419 | S41: =IF(OR(P41="",O41=""),"",(P41-O41)/O41) | T41: =IF(AND(D41="",G41<>""),"no dates - assumed 1 night",IF(Q41="","",IF(Q41>1.5,"check: markup >150%",IF(Q41<0,"below cost",""))))
A42: Mussorie | B42: - WelcomHeritage Kasmanda Palace Mussoorie | C42: ~30d · mid-Aug | D42: 2026-09-24 | E42: 2026-09-27 | F42: =IF(OR(D42="",E42=""),1,MAX(1,DATEVALUE(E42)-DATEVALUE(D42))) -> 3 | G42: 29218 | H42: 40959 | N42: =IF(G42="","",G42/F42) -> 9739.3333 | O42: =IF(COUNT(H42:K42)=0,"",MIN(H42:K42)/F42) -> 13653 | P42: =IF(L42="","",L42*95/F42) | Q42: =IF(OR(N42="",O42=""),"",(IF(AND(N42>7500,O42>7500),O42/(1+IF(O42<=1000,0,IF(O42<=7500,0.05,0.18)))-IF(AND(N42>7500,O42>7500),N42/1.18,N42),(O42-IF(AND(N42>7500,O42>7500),N42/1.18,N42))/(1+IF(O42<=1000,0,IF(O42<=7500,0.05,0.18)))))/(IF(AND(N42>7500,O42>7500),N42/1.18,N42))) -> 0.40184133 | R42: =IF(OR(N42="",O42=""),"",((O42-N42)/1.18)/N42) -> 0.3405435 | S42: =IF(OR(P42="",O42=""),"",(P42-O42)/O42) | T42: =IF(AND(D42="",G42<>""),"no dates - assumed 1 night",IF(Q42="","",IF(Q42>1.5,"check: markup >150%",IF(Q42<0,"below cost",""))))
A43: Mussorie | B43: - WelcomHeritage Kasmanda Palace Mussoorie | C43: mid-Oct · Diwali | D43: 2026-10-08 | E43: 2026-10-11 | F43: =IF(OR(D43="",E43=""),1,MAX(1,DATEVALUE(E43)-DATEVALUE(D43))) -> 3 | G43: 39337 | H43: 46494 | N43: =IF(G43="","",G43/F43) -> 13112.333 | O43: =IF(COUNT(H43:K43)=0,"",MIN(H43:K43)/F43) -> 15498 | P43: =IF(L43="","",L43*95/F43) | Q43: =IF(OR(N43="",O43=""),"",(IF(AND(N43>7500,O43>7500),O43/(1+IF(O43<=1000,0,IF(O43<=7500,0.05,0.18)))-IF(AND(N43>7500,O43>7500),N43/1.18,N43),(O43-IF(AND(N43>7500,O43>7500),N43/1.18,N43))/(1+IF(O43<=1000,0,IF(O43<=7500,0.05,0.18)))))/(IF(AND(N43>7500,O43>7500),N43/1.18,N43))) -> 0.18194067 | R43: =IF(OR(N43="",O43=""),"",((O43-N43)/1.18)/N43) -> 0.15418701 | S43: =IF(OR(P43="",O43=""),"",(P43-O43)/O43) | T43: =IF(AND(D43="",G43<>""),"no dates - assumed 1 night",IF(Q43="","",IF(Q43>1.5,"check: markup >150%",IF(Q43<0,"below cost",""))))
A44: Mussorie | B44: - WelcomHeritage Kasmanda Palace Mussoorie | C44: 27–30 Dec | D44: 2026-11-12 | E44: 2026-11-15 | F44: =IF(OR(D44="",E44=""),1,MAX(1,DATEVALUE(E44)-DATEVALUE(D44))) -> 3 | G44: 39337 | H44: 46494 | N44: =IF(G44="","",G44/F44) -> 13112.333 | O44: =IF(COUNT(H44:K44)=0,"",MIN(H44:K44)/F44) -> 15498 | P44: =IF(L44="","",L44*95/F44) | Q44: =IF(OR(N44="",O44=""),"",(IF(AND(N44>7500,O44>7500),O44/(1+IF(O44<=1000,0,IF(O44<=7500,0.05,0.18)))-IF(AND(N44>7500,O44>7500),N44/1.18,N44),(O44-IF(AND(N44>7500,O44>7500),N44/1.18,N44))/(1+IF(O44<=1000,0,IF(O44<=7500,0.05,0.18)))))/(IF(AND(N44>7500,O44>7500),N44/1.18,N44))) -> 0.18194067 | R44: =IF(OR(N44="",O44=""),"",((O44-N44)/1.18)/N44) -> 0.15418701 | S44: =IF(OR(P44="",O44=""),"",(P44-O44)/O44) | T44: =IF(AND(D44="",G44<>""),"no dates - assumed 1 night",IF(Q44="","",IF(Q44>1.5,"check: markup >150%",IF(Q44<0,"below cost",""))))
A45: Mussorie | B45: - juSTa Hollow Oak Mussoorie | C45: ~7d · mid-Jul | D45: 2026-08-27 | E45: 2026-08-30 | F45: =IF(OR(D45="",E45=""),1,MAX(1,DATEVALUE(E45)-DATEVALUE(D45))) -> 3 | G45: 31947 | H45: 36564 | N45: =IF(G45="","",G45/F45) -> 10649 | O45: =IF(COUNT(H45:K45)=0,"",MIN(H45:K45)/F45) -> 12188 | P45: =IF(L45="","",L45*95/F45) | Q45: =IF(OR(N45="",O45=""),"",(IF(AND(N45>7500,O45>7500),O45/(1+IF(O45<=1000,0,IF(O45<=7500,0.05,0.18)))-IF(AND(N45>7500,O45>7500),N45/1.18,N45),(O45-IF(AND(N45>7500,O45>7500),N45/1.18,N45))/(1+IF(O45<=1000,0,IF(O45<=7500,0.05,0.18)))))/(IF(AND(N45>7500,O45>7500),N45/1.18,N45))) -> 0.14452061 | R45: =IF(OR(N45="",O45=""),"",((O45-N45)/1.18)/N45) -> 0.1224751 | S45: =IF(OR(P45="",O45=""),"",(P45-O45)/O45) | T45: =IF(AND(D45="",G45<>""),"no dates - assumed 1 night",IF(Q45="","",IF(Q45>1.5,"check: markup >150%",IF(Q45<0,"below cost",""))))
A46: Mussorie | B46: - juSTa Hollow Oak Mussoorie | C46: ~30d · mid-Aug | D46: 2026-09-24 | E46: 2026-09-27 | F46: =IF(OR(D46="",E46=""),1,MAX(1,DATEVALUE(E46)-DATEVALUE(D46))) -> 3 | G46: 30206 | H46: 34572 | N46: =IF(G46="","",G46/F46) -> 10068.667 | O46: =IF(COUNT(H46:K46)=0,"",MIN(H46:K46)/F46) -> 11524 | P46: =IF(L46="","",L46*95/F46) | Q46: =IF(OR(N46="",O46=""),"",(IF(AND(N46>7500,O46>7500),O46/(1+IF(O46<=1000,0,IF(O46<=7500,0.05,0.18)))-IF(AND(N46>7500,O46>7500),N46/1.18,N46),(O46-IF(AND(N46>7500,O46>7500),N46/1.18,N46))/(1+IF(O46<=1000,0,IF(O46<=7500,0.05,0.18)))))/(IF(AND(N46>7500,O46>7500),N46/1.18,N46))) -> 0.14454082 | R46: =IF(OR(N46="",O46=""),"",((O46-N46)/1.18)/N46) -> 0.12249222 | S46: =IF(OR(P46="",O46=""),"",(P46-O46)/O46) | T46: =IF(AND(D46="",G46<>""),"no dates - assumed 1 night",IF(Q46="","",IF(Q46>1.5,"check: markup >150%",IF(Q46<0,"below cost",""))))
A47: Mussorie | B47: - juSTa Hollow Oak Mussoorie | C47: mid-Oct · Diwali | D47: 2026-10-08 | E47: 2026-10-11 | F47: =IF(OR(D47="",E47=""),1,MAX(1,DATEVALUE(E47)-DATEVALUE(D47))) -> 3 | G47: 35252 | H47: 46029 | N47: =IF(G47="","",G47/F47) -> 11750.667 | O47: =IF(COUNT(H47:K47)=0,"",MIN(H47:K47)/F47) -> 15343 | P47: =IF(L47="","",L47*95/F47) | Q47: =IF(OR(N47="",O47=""),"",(IF(AND(N47>7500,O47>7500),O47/(1+IF(O47<=1000,0,IF(O47<=7500,0.05,0.18)))-IF(AND(N47>7500,O47>7500),N47/1.18,N47),(O47-IF(AND(N47>7500,O47>7500),N47/1.18,N47))/(1+IF(O47<=1000,0,IF(O47<=7500,0.05,0.18)))))/(IF(AND(N47>7500,O47>7500),N47/1.18,N47))) -> 0.30571315 | R47: =IF(OR(N47="",O47=""),"",((O47-N47)/1.18)/N47) -> 0.25907894 | S47: =IF(OR(P47="",O47=""),"",(P47-O47)/O47) | T47: =IF(AND(D47="",G47<>""),"no dates - assumed 1 night",IF(Q47="","",IF(Q47>1.5,"check: markup >150%",IF(Q47<0,"below cost",""))))
A48: Mussorie | B48: - juSTa Hollow Oak Mussoorie | C48: 27–30 Dec | D48: 2026-11-12 | E48: 2026-11-15 | F48: =IF(OR(D48="",E48=""),1,MAX(1,DATEVALUE(E48)-DATEVALUE(D48))) -> 3 | G48: 41938 | H48: 53999 | N48: =IF(G48="","",G48/F48) -> 13979.333 | O48: =IF(COUNT(H48:K48)=0,"",MIN(H48:K48)/F48) -> 17999.667 | P48: =IF(L48="","",L48*95/F48) | Q48: =IF(OR(N48="",O48=""),"",(IF(AND(N48>7500,O48>7500),O48/(1+IF(O48<=1000,0,IF(O48<=7500,0.05,0.18)))-IF(AND(N48>7500,O48>7500),N48/1.18,N48),(O48-IF(AND(N48>7500,O48>7500),N48/1.18,N48))/(1+IF(O48<=1000,0,IF(O48<=7500,0.05,0.18)))))/(IF(AND(N48>7500,O48>7500),N48/1.18,N48))) -> 0.28759121 | R48: =IF(OR(N48="",O48=""),"",((O48-N48)/1.18)/N48) -> 0.24372136 | S48: =IF(OR(P48="",O48=""),"",(P48-O48)/O48) | T48: =IF(AND(D48="",G48<>""),"no dates - assumed 1 night",IF(Q48="","",IF(Q48>1.5,"check: markup >150%",IF(Q48<0,"below cost",""))))
A49: Mussorie | B49: - juSTa Hollow Oak Mussoorie | C49: mid-Feb | D49: 2026-12-30 | E49: 2027-01-02 | F49: =IF(OR(D49="",E49=""),1,MAX(1,DATEVALUE(E49)-DATEVALUE(D49))) -> 3 | G49: 49121 | H49: 55992 | N49: =IF(G49="","",G49/F49) -> 16373.667 | O49: =IF(COUNT(H49:K49)=0,"",MIN(H49:K49)/F49) -> 18664 | P49: =IF(L49="","",L49*95/F49) | Q49: =IF(OR(N49="",O49=""),"",(IF(AND(N49>7500,O49>7500),O49/(1+IF(O49<=1000,0,IF(O49<=7500,0.05,0.18)))-IF(AND(N49>7500,O49>7500),N49/1.18,N49),(O49-IF(AND(N49>7500,O49>7500),N49/1.18,N49))/(1+IF(O49<=1000,0,IF(O49<=7500,0.05,0.18)))))/(IF(AND(N49>7500,O49>7500),N49/1.18,N49))) -> 0.13987907 | R49: =IF(OR(N49="",O49=""),"",((O49-N49)/1.18)/N49) -> 0.11854159 | S49: =IF(OR(P49="",O49=""),"",(P49-O49)/O49) | T49: =IF(AND(D49="",G49<>""),"no dates - assumed 1 night",IF(Q49="","",IF(Q49>1.5,"check: markup >150%",IF(Q49<0,"below cost",""))))
A50: Mussorie | B50: Auradoon, Dehradun - By Leisure Hotels | C50: ~7d · mid-Jul | D50: 2026-08-27 | E50: 2026-08-30 | F50: =IF(OR(D50="",E50=""),1,MAX(1,DATEVALUE(E50)-DATEVALUE(D50))) -> 3 | H50: 26396 | N50: =IF(G50="","",G50/F50) | O50: =IF(COUNT(H50:K50)=0,"",MIN(H50:K50)/F50) -> 8798.6667 | P50: =IF(L50="","",L50*95/F50) | Q50: =IF(OR(N50="",O50=""),"",(IF(AND(N50>7500,O50>7500),O50/(1+IF(O50<=1000,0,IF(O50<=7500,0.05,0.18)))-IF(AND(N50>7500,O50>7500),N50/1.18,N50),(O50-IF(AND(N50>7500,O50>7500),N50/1.18,N50))/(1+IF(O50<=1000,0,IF(O50<=7500,0.05,0.18)))))/(IF(AND(N50>7500,O50>7500),N50/1.18,N50))) | R50: =IF(OR(N50="",O50=""),"",((O50-N50)/1.18)/N50) | S50: =IF(OR(P50="",O50=""),"",(P50-O50)/O50) | T50: =IF(AND(D50="",G50<>""),"no dates - assumed 1 night",IF(Q50="","",IF(Q50>1.5,"check: markup >150%",IF(Q50<0,"below cost",""))))
A51: Mussorie | B51: Auradoon, Dehradun - By Leisure Hotels | C51: ~30d · mid-Aug | D51: 2026-09-24 | E51: 2026-09-27 | F51: =IF(OR(D51="",E51=""),1,MAX(1,DATEVALUE(E51)-DATEVALUE(D51))) -> 3 | H51: 19878 | N51: =IF(G51="","",G51/F51) | O51: =IF(COUNT(H51:K51)=0,"",MIN(H51:K51)/F51) -> 6626 | P51: =IF(L51="","",L51*95/F51) | Q51: =IF(OR(N51="",O51=""),"",(IF(AND(N51>7500,O51>7500),O51/(1+IF(O51<=1000,0,IF(O51<=7500,0.05,0.18)))-IF(AND(N51>7500,O51>7500),N51/1.18,N51),(O51-IF(AND(N51>7500,O51>7500),N51/1.18,N51))/(1+IF(O51<=1000,0,IF(O51<=7500,0.05,0.18)))))/(IF(AND(N51>7500,O51>7500),N51/1.18,N51))) | R51: =IF(OR(N51="",O51=""),"",((O51-N51)/1.18)/N51) | S51: =IF(OR(P51="",O51=""),"",(P51-O51)/O51) | T51: =IF(AND(D51="",G51<>""),"no dates - assumed 1 night",IF(Q51="","",IF(Q51>1.5,"check: markup >150%",IF(Q51<0,"below cost",""))))
A52: Mussorie | B52: Auradoon, Dehradun - By Leisure Hotels | C52: mid-Oct · Diwali | D52: 2026-10-08 | E52: 2026-10-11 | F52: =IF(OR(D52="",E52=""),1,MAX(1,DATEVALUE(E52)-DATEVALUE(D52))) -> 3 | H52: 19659 | N52: =IF(G52="","",G52/F52) | O52: =IF(COUNT(H52:K52)=0,"",MIN(H52:K52)/F52) -> 6553 | P52: =IF(L52="","",L52*95/F52) | Q52: =IF(OR(N52="",O52=""),"",(IF(AND(N52>7500,O52>7500),O52/(1+IF(O52<=1000,0,IF(O52<=7500,0.05,0.18)))-IF(AND(N52>7500,O52>7500),N52/1.18,N52),(O52-IF(AND(N52>7500,O52>7500),N52/1.18,N52))/(1+IF(O52<=1000,0,IF(O52<=7500,0.05,0.18)))))/(IF(AND(N52>7500,O52>7500),N52/1.18,N52))) | R52: =IF(OR(N52="",O52=""),"",((O52-N52)/1.18)/N52) | S52: =IF(OR(P52="",O52=""),"",(P52-O52)/O52) | T52: =IF(AND(D52="",G52<>""),"no dates - assumed 1 night",IF(Q52="","",IF(Q52>1.5,"check: markup >150%",IF(Q52<0,"below cost",""))))
A53: Mussorie | B53: Hyatt Regency Dehradun Resort and Spa | C53: ~7d · mid-Jul | D53: 2026-08-27 | E53: 2026-08-30 | F53: =IF(OR(D53="",E53=""),1,MAX(1,DATEVALUE(E53)-DATEVALUE(D53))) -> 3 | G53: 41985 | H53: 44364 | N53: =IF(G53="","",G53/F53) -> 13995 | O53: =IF(COUNT(H53:K53)=0,"",MIN(H53:K53)/F53) -> 14788 | P53: =IF(L53="","",L53*95/F53) | Q53: =IF(OR(N53="",O53=""),"",(IF(AND(N53>7500,O53>7500),O53/(1+IF(O53<=1000,0,IF(O53<=7500,0.05,0.18)))-IF(AND(N53>7500,O53>7500),N53/1.18,N53),(O53-IF(AND(N53>7500,O53>7500),N53/1.18,N53))/(1+IF(O53<=1000,0,IF(O53<=7500,0.05,0.18)))))/(IF(AND(N53>7500,O53>7500),N53/1.18,N53))) -> 0.056663094 | R53: =IF(OR(N53="",O53=""),"",((O53-N53)/1.18)/N53) -> 0.048019571 | S53: =IF(OR(P53="",O53=""),"",(P53-O53)/O53) | T53: =IF(AND(D53="",G53<>""),"no dates - assumed 1 night",IF(Q53="","",IF(Q53>1.5,"check: markup >150%",IF(Q53<0,"below cost",""))))
A54: Mussorie | B54: Hyatt Regency Dehradun Resort and Spa | C54: ~30d · mid-Aug | D54: 2026-09-24 | E54: 2026-09-27 | F54: =IF(OR(D54="",E54=""),1,MAX(1,DATEVALUE(E54)-DATEVALUE(D54))) -> 3 | G54: 39026 | H54: 44364 | N54: =IF(G54="","",G54/F54) -> 13008.667 | O54: =IF(COUNT(H54:K54)=0,"",MIN(H54:K54)/F54) -> 14788 | P54: =IF(L54="","",L54*95/F54) | Q54: =IF(OR(N54="",O54=""),"",(IF(AND(N54>7500,O54>7500),O54/(1+IF(O54<=1000,0,IF(O54<=7500,0.05,0.18)))-IF(AND(N54>7500,O54>7500),N54/1.18,N54),(O54-IF(AND(N54>7500,O54>7500),N54/1.18,N54))/(1+IF(O54<=1000,0,IF(O54<=7500,0.05,0.18)))))/(IF(AND(N54>7500,O54>7500),N54/1.18,N54))) -> 0.13678061 | R54: =IF(OR(N54="",O54=""),"",((O54-N54)/1.18)/N54) -> 0.11591577 | S54: =IF(OR(P54="",O54=""),"",(P54-O54)/O54) | T54: =IF(AND(D54="",G54<>""),"no dates - assumed 1 night",IF(Q54="","",IF(Q54>1.5,"check: markup >150%",IF(Q54<0,"below cost",""))))
A55: Mussorie | B55: Hyatt Regency Dehradun Resort and Spa | C55: mid-Oct · Diwali | D55: 2026-10-08 | E55: 2026-10-11 | F55: =IF(OR(D55="",E55=""),1,MAX(1,DATEVALUE(E55)-DATEVALUE(D55))) -> 3 | G55: 52485 | H55: 56634 | N55: =IF(G55="","",G55/F55) -> 17495 | O55: =IF(COUNT(H55:K55)=0,"",MIN(H55:K55)/F55) -> 18878 | P55: =IF(L55="","",L55*95/F55) | Q55: =IF(OR(N55="",O55=""),"",(IF(AND(N55>7500,O55>7500),O55/(1+IF(O55<=1000,0,IF(O55<=7500,0.05,0.18)))-IF(AND(N55>7500,O55>7500),N55/1.18,N55),(O55-IF(AND(N55>7500,O55>7500),N55/1.18,N55))/(1+IF(O55<=1000,0,IF(O55<=7500,0.05,0.18)))))/(IF(AND(N55>7500,O55>7500),N55/1.18,N55))) -> 0.079051157 | R55: =IF(OR(N55="",O55=""),"",((O55-N55)/1.18)/N55) -> 0.066992506 | S55: =IF(OR(P55="",O55=""),"",(P55-O55)/O55) | T55: =IF(AND(D55="",G55<>""),"no dates - assumed 1 night",IF(Q55="","",IF(Q55>1.5,"check: markup >150%",IF(Q55<0,"below cost",""))))
A56: Mussorie | B56: JW Marriott Mussoorie Walnut Grove Resort & Spa | C56: ~7d · mid-Jul | D56: 2026-08-27 | E56: 2026-08-30 | F56: =IF(OR(D56="",E56=""),1,MAX(1,DATEVALUE(E56)-DATEVALUE(D56))) -> 3 | G56: 77816 | H56: 81243 | N56: =IF(G56="","",G56/F56) -> 25938.667 | O56: =IF(COUNT(H56:K56)=0,"",MIN(H56:K56)/F56) -> 27081 | P56: =IF(L56="","",L56*95/F56) | Q56: =IF(OR(N56="",O56=""),"",(IF(AND(N56>7500,O56>7500),O56/(1+IF(O56<=1000,0,IF(O56<=7500,0.05,0.18)))-IF(AND(N56>7500,O56>7500),N56/1.18,N56),(O56-IF(AND(N56>7500,O56>7500),N56/1.18,N56))/(1+IF(O56<=1000,0,IF(O56<=7500,0.05,0.18)))))/(IF(AND(N56>7500,O56>7500),N56/1.18,N56))) -> 0.044039786 | R56: =IF(OR(N56="",O56=""),"",((O56-N56)/1.18)/N56) -> 0.037321853 | S56: =IF(OR(P56="",O56=""),"",(P56-O56)/O56) | T56: =IF(AND(D56="",G56<>""),"no dates - assumed 1 night",IF(Q56="","",IF(Q56>1.5,"check: markup >150%",IF(Q56<0,"below cost",""))))
A57: Mussorie | B57: JW Marriott Mussoorie Walnut Grove Resort & Spa | C57: ~30d · mid-Aug | D57: 2026-09-24 | E57: 2026-09-27 | F57: =IF(OR(D57="",E57=""),1,MAX(1,DATEVALUE(E57)-DATEVALUE(D57))) -> 3 | G57: 76031 | H57: 81243 | N57: =IF(G57="","",G57/F57) -> 25343.667 | O57: =IF(COUNT(H57:K57)=0,"",MIN(H57:K57)/F57) -> 27081 | P57: =IF(L57="","",L57*95/F57) | Q57: =IF(OR(N57="",O57=""),"",(IF(AND(N57>7500,O57>7500),O57/(1+IF(O57<=1000,0,IF(O57<=7500,0.05,0.18)))-IF(AND(N57>7500,O57>7500),N57/1.18,N57),(O57-IF(AND(N57>7500,O57>7500),N57/1.18,N57))/(1+IF(O57<=1000,0,IF(O57<=7500,0.05,0.18)))))/(IF(AND(N57>7500,O57>7500),N57/1.18,N57))) -> 0.068550986 | R57: =IF(OR(N57="",O57=""),"",((O57-N57)/1.18)/N57) -> 0.058094056 | S57: =IF(OR(P57="",O57=""),"",(P57-O57)/O57) | T57: =IF(AND(D57="",G57<>""),"no dates - assumed 1 night",IF(Q57="","",IF(Q57>1.5,"check: markup >150%",IF(Q57<0,"below cost",""))))
